x,y,split
맞아맞아 그렇긴 하지,N,-0.04117250079143889
근데 난 내용이 맘에 안 들거나 더 안 읽어도 되겠다 싶으면 다 안 읽었는데도 읽은 책처럼 생각해,N,0.3909042827482626
오늘의 한마디를 주세요,N,-1.5601064604831532
드리핀 드리핀과함께하는멘션파티 이거 때문에 어제 실 주문을 한지라,N,-0.020515557397564336
매우 찔립니다요 근데 넘 잘 입을 것 같아서 함뜨참가,N,0.0027163211003564582
얍 색조합 잘 못하는데 원작하고 비슷하게 갑니다,😂,-0.4817073391496744
까까님 생일메세지 정말 감사해요,🥺,-1.338438683620991
아 내스급 성현제 책갈피가 아니라 옷핀입니다,😂,1.6156132042546216
정규직 기다려라모두들 감사합니다,❤,0.11931489760514237
유튜브는 아직 남았어용,N,-1.721602725705787
크래비티 형준 아이돌라이브 뮤지광,N,-0.9169906390452731
우왕 솜사탕차배치가 초컷이래서,😂,0.5891498953010805
도영이 커버곡이 들어간 도 함 오늘도 고생했어요 트레저메이커,❤,-0.2218978615671113
하루토,N,0.10909741082286063
슬슬 이 계정 첫번째 트정 준비 할게요,N,0.4704419578461929
저랑 계속 인연이 되고 싶으신 분들은 흔적 부탁해요,N,0.8118823831374002
기간은 넉넉하게 월 첫째주 금요일까지,❤,-0.9617176673380434
제가 지뢰시라면 먼저 써셔도 좋습니다트정 같은 경우는 트친들도 얄짤 없어요ㅜ,N,1.092788751571036
아래 공지사항을 꼭 읽으신 후 이벤트에 함께 해주세요,👍,0.620856968933999
에스에프나인  루아이의 넘치는 애정을 받고 모두의 마음을 이리저리 흔들던 요한이의 깜짝 반전 엔딩,😍,-0.8519525124424274
애교쟁이 요하니가 오늘 하루의 힘이 되셨기를 바라며 감기 조심하시고 내일 만나요,❤,0.6570715335103191
위아이 루아이  엔하이픈 희승희승이는 하늘에서 가장 빛나는 별,❤,1.3699917531561199
극장판 개봉을 기념하여 본 트윗을 알티해주시는 분들 중 추첨을 통해 메가박스 인권을 드립니다,N,-0.5084747415946267
과금님의 저 작은 그림까지 너무 갓벽,N,-1.2915123876131251
스티커로 내주세요,N,-0.09482542915714048
핡 굿즈로 사고싶을정도로 갓벽해여,❤,-0.8929673727042216
와 ㅅㅂ 잠시만요,😍,0.17047887843049006
그정도면이쁜거지ㅇㅈㄹ하믄것도걍 어쩌라고싶음하,N,-0.46177396074514276
ㅇㅉ라고 내가 표지만들엇냐고 걍 올해 표지가 족같다고 내가옛날얘기꺼낸적잇냐고ㅜ죄송해요저도고삼이라그런지예민해서ㅠ,N,-0.9217020275013086
헤헷콩딱 가끔 재업 타래,❤,0.44090871100501217
국민 국민연성  샘,N,-0.9038965885977911
이형열얘 누가 녹였어,N,0.02860950208038027
만원으로 줄인다는 건가,N,0.901532488453631
이게 공약이야  하지만 알면서도 또 놀라는 재미,N,-1.5974190067883485
아 깜짝아  왜이러케 목소리가 커어,N,1.0317695223898342
문별  복붙실검 올라가면 현근택 잘린다,N,0.15177884645277204
현근택꼴보기싫어윤석열찍는다 뿌듯하네요,😊,0.08473979309270431
에 양도합니다 양도합니다 디엠주세요,😊,-1.3542644520740978
포카 찬희 엽서 찬희필름 케빈 포춘 상연 앨범 문버전,N,0.11966188399873572
어디 몸에 생채기는 나진 않았나요,N,-0.2923894744072632
이리 얼굴을 또 맞이하니 기쁘네요,N,-1.2261144600606877
언니 안녕 헤헿 온마음 다해 널,😊,1.1381877152502813
그쵸앗 그리고 샘,N,-0.6607953782401371
문 두드리는 사람 잇음 말해요저일거에요가까이서 한번더 보게요,N,2.5966309248039643
달밤이랑 수다할 날도 기다려 기다려,💜,-1.8265012185854685
드려요괄은 꼭 부탁드릴게요,🥺,-1.6370414075496231
비나이다 비나이다,🙏,-0.16247639888241253
피자치킨에 진심인 울 짱플러 우당탕탕 춤추는걸 보는데 저도 모르게 심장이 쿵쿵쿵 나와줄거라고 부시모 믿습ㄴ다,🙏,-0.40304883735507957
주차는 막을 수 있어요,N,-0.6728865278340527
밀밀린다고요우리가요,N,-0.13785175014883552
설마 진짜요알티만이라도 해주세요,🙏,0.08449992617781583
소솔직히 이거 올렸을때 아무도 안눌러주시면 삭제해야지 힛,N,-0.79774004468456
이러고 있었는데 끝까지 완주할 수 있도록 마음 눌러주신 샘들 넘 감사합니다,❤,-0.3573387430318793
오래봐요   극도 같이보구,N,-0.19640677464324763
기간 월 일입금폼,N,-0.8567457450715472
와 역시 춤선 좋다,N,1.2010455247522607
역시 아이돌 짬바,N,1.1406756614279636
쥬지에 초콜릿발라서 달달하게 빨아먹는 상상,💕,0.1831457643291421
동양풍 메르헨스타 카나타 넘 예쁘지 않나요,N,-0.4325673128268471
ㅠㅜ 개쥬님께서 알티이벤 당첨으로 그려주셨답니다 감사합니다,N,-0.7833239887166709
에이스 초이스  샤이니트친소 샤월트친소 샤이니트친소 샤월트친소트친소 거의 반년만에 돌리는 거 가튼디탐라가 너무 정체돼잇어서 올립니더ㅓ,N,-0.5635129291630601
진입장벽 안 높으니 친구해오,💕,0.38387412976145446
흔적 남기시면 제가 찾아갈게욥    굿나잇,💕,-0.3069007934835998
쏘옥 하아ㅏ하악,N,-0.7050548532828195
너무 귀여워 움쪽쪽 사랑해,😭,0.49330088643097225
의 기운받아 위까지,😭,-1.994072589085961
오늘도 고마워요  케플러  민서야,N,0.5281066407216247
덕분에 매일 행복해요,😭,0.676129034180649
오늘은 호랑이로 변신,💜,-0.39609928383866705
오늘도 고마워요  케플러  진짜 재윤이 왤케 잘생겼지요,N,0.6559712334369975
귀여워 예서케플러,N,1.648229949454406
최초 공개 변화무쌍한,N,1.4301495864580047
편하게 흔적 남겨주시면 찾아갈게요,😘,0.1097460515549809
덕자 이뱅 당첨은 처음이라 조금 서툴지만 잘 해주셔서 너무 감사했어요,N,1.4535132492608964
잘 쓰겠습니다에티로부터온사랑 감사합니다,N,-0.5066243367376468
꾸금이랑 아닌거 두가지 버전이라,N,-0.3893582651597509
꾸금을 쓰는 중이었습니다,😘,-0.07168340938955194
이기야 그치만 나는 쥐뿔도 양심이 없는 인간이지정구기오빠 보고 심장이 뛴다면 알티해줘여,😘,1.293773518689528
팔 감사합니다,👍,0.45915033969072977
앷누도 고마워   굿굿,👍,-2.550754248027372
친구들이 좋은 취지로 시작한 프로젝트에 응원 보내주시면 감사드리겠슴댜 병 리싸이클 된 소재로 제작 무려 웨이로 제작을 했다네여 아직 오픈 전이라 알림신청 하시면 오픈시 알림받고 얼리버드가에 내가 뭐랬어 이길거랬잖아 이 기적아닌 기적을 우리가 만들었ㅏㅏㅏ위탈환,N,-0.7225353989637474
킹미들과 함께라서 언제나 든든합니다,👍,-1.0267093840553987
추첨은 월 일 오후 중으로 하겠습니다,N,-0.09800140795839975
투모로우바이투게더  자 시작해 볼까,N,-0.5770035019308513
투표계님 등장 빠밤,N,-1.1575711620323488
아마기 린네 스마트폰 아크릴 거치대,💙,0.6747605207120101
자 시작해 볼까,N,0.9913477865453704
너무 기쁘고 고마웠던 그날,💜,-0.3747715053741124
희로애락 킹덤 단,N,-0.8743050650096685
와 함께하는 밤의라디오 번째 밤이 시작됩니다,N,-2.0893167778716317
펜밤라 장학 퀴즈가 펼쳐집니다,N,-0.18342333193324264
오늘도 함께해요,😁,-0.7282927229246151
미안하다사랑한다,😁,-0.5910714084899467
사진작가에게는 꿈같은 섬,N,-0.01153376870294144
정원이랑 찍은 히히,😁,-0.05589418074084085
일곱이 모두 모였습니다뚠뚠해서 더 귀여워요,🥰,-0.10510448204135231
해적 도깨비 깃발 출장십오야열정 해적선 단원들과,🔥,-1.264791445687641
예고편 보면서 기다리기,N,0.41745647686786236
트메 빨리 보고싶어요,🥺,-0.12234048253781617
최현석  썸데이 씨어터,🔥,0.9739611262199799
안녕저는 한국어 공부를 하고 있습니다,N,-2.1092843017379237
기다려주세요 사랑해요,❤,-0.44573134233335554
드리핀 드리핀과함께하는멘션파티 와 이때 진짜 미쳤었는데,N,-0.04540978919067342
하겠습니다 엠카운트다운,N,0.11089387080307489
아 왕자님하프린수야 하,❤,-1.1483739970621567
오늘 밤 시까지 분 원하시는 치킨 드립니다얼굴 개도랏맨 하,❤,-0.2796491510937048
스트레이키즈 리노 리노  스트레이키즈  난 이지 풀콤도 못하는걸,N,0.649797408700385
트친과입맛궁합알아보기마라탕이랑 민초는 많이 안먹어봐서 맛을 몰라용,N,0.6539804669766898
미더덕 생굴 닭발,❤,-1.280420273644704
막창  진짜 킹받구 ㅠ 짜증나 ㅠ,N,0.24807252078273143
칠보고 죠스바 선우,💖,-0.06967038111614711
,🥺,-1.0874061110648305
민서야 이토시나몽,💖,0.2881739985619581
드리핀 드리핀과함께하는멘션파티 올려드린 세 사이즈 모두 링크 드릴께욥예쁘게 사용해주세요,💖,-1.1331054297155387
천재라니 너무너무 고마워 알럽유,N,0.4147608138906872
마이 러브 동글동글언니이,😆,0.208941281303642
꿈꾸는라디오 완료,💕,0.6549926357833161
유주 놀이 아직 하고있나요,N,-0.22605394685674474
포카라도 나눔해야할까,N,-0.9730537057960632
테스트컷   혹시라도 빌보드 블락 하신 분들 계시면 해제 하세요,N,-0.40704658038785974
우리가 유난히 집계가 잘 안되는 이유중의 하나가 그게 아닐까 하는 말이 있어서요,N,-0.8936365761036819
지금 쓰는 방법이 맞는거같아서다행이긴한데,N,0.7748891971033969
우리도 모르는걸 저들은 하구있었다구,N,1.1419133455163297
어떠케   오빠 라면 먹었갈래,N,-0.5791292757934767
일시까지 투표하고 이어서 보면 딱 되겠다 그쵸,N,-0.9518339356758355
ㄴ선 한번 긋다 휜거는 흐린 눈 해죠여,N,-0.9068999554672651
민쉬가 진짜 날씨를 조절할 수 있다면 드리밍 볼때 날씨는 어떨까용,N,-0.040590709719202506
체력은방력 방업단은천천히꾸준히방탄은아미를건강하게해,N,1.319224534364511
음 실제론 썩어있어요,N,0.5081879446365254
ㅇ ㅖ 원투님 안구는 소중히,N,-0.7780597055200994
최예나  엠카운트다운지구미들의아픔 슬픔 외로움을 잊게 해줄,😆,-0.4091361464759295
지구 기혀니 젛은점 노래 안빼구 일단 불러줌,😆,0.23202035588526776
저요저어 초멘 괜찮죠,N,-0.2949266729396551
ㅇㅂㅅ뭔일이래요저 도쿄인데 벌써 진이 파자마 왔어요,N,0.562551051221859
일케 겉옷으로 힙하게 입고 나가볼까봐요,😆,0.15465939855408012
저 키 인데 엠사서 작으려나 걱정했는데 딱 맞춤이에요,N,0.7686788658009168
석진아 너무 예쁘다,😍,0.8777748542829074
지금 바로 씻기전에 라이브,😆,-0.22286979202450985
엠카운트다운 출연 안내 잠시 후 여섯시,N,1.6118126245274487
엠카운트다운에 미연이 출연합니다,N,-0.9722408316259834
크흠 요즘 많이 바빠보이구 힘들어보이던데 ㅠ 무슨일이나 고민있음 말햐 아무것도 모르는사람이 말하는 답도 은근 도움될때가 있더라구 사랑해 오프로 만났으면 좋겠다,❤,1.8441780501532923
참지않는 연하,N,-0.23668542183052635
난 극우성이 아닌거야,N,0.29519214598876425
당장 낼 천명 넘을수도,N,1.2213356339286783
숨좀쉬자 가 분명 대박 날건데,N,-1.1756444972315412
담주 위 하면 주 연속 신기록이에요,N,-0.43102826337433175
ㅇㅍ 보기 싫어서라도 어떻게든 막아야죠,N,0.5310200716113016
화이팅  함께인 것을 알기에 든든합니다,🥰,1.736967768549664
꼬리에 꼬리를 무는 그날 이야기가끔보는데,N,2.740392914401895
버터야 힘내자   함께인 것을 알기에 든든합니다,🥰,-0.10601644781365875
투달곰쓰 와잏엇형아 생일 축하하고 왔습니다,✨,0.9709464753158364
음악관련 단어를 해시와 함께 써주시는 것이 필요하다고 하네요,N,1.7743016315723834
입니다  자켓 어깨 최예나 천국,🥺,0.469905267738173
한번이라두 해주세요,💜,-0.8142643069970281
이재명만은 떨궈야 한다는 마음으로 윤석열을 선택해야만 했을 때는 마음이 너무 무거웠는데 윤석열도 생각외로 나쁘지 않다는 생각으로 조금 포지티브하게 마음을 열고나니 이젠 너무도 홀가분하다,N,0.01942616830081666
희로애락 킹덤 단,N,1.058331431525534
카엘오하화  아오이 쌍둥이 생일 컵홀더 협력진 공개,💙,-1.2207401564429743
쌍둥이들의 생일 축하를 위해 협력해 주신 분들에게 진심으로 감사의 인사를 올립니다,N,-1.6344478248446714
픽시 윈시   이거 그 자체,N,1.2022477777873368
민모션 화가 업데이트되었습니다,N,-0.4569681667550227
잘 부탁드립니다,N,0.018147781583438882
어르신 분들이 입은 보라색 외투도 예 는 정말 성실하고 착한 거 같아요,N,0.3151000389359073
처음에 좀 두렵고 걱정되어서 저렇게 잘나가는데 어쩌지,N,-0.37152209793238045
나한테 불친절하면 어떡해,N,0.6366438984806949
근데 왔을 때 와 진짜,N,0.21382494867929397
김호중나태주자서전주중주말호중사 소중한 우리 별 김호중지금까지처럼 당당하고 거침없이 달리는거야가자,N,-0.5185487025026871
김호중나태주자서전주중주말호중사랑김호중 김호중자서전 소중한 우리 별 김호중지금까지처럼 당당하고 거침없이 달리는거야가자,N,-1.4686219260117157
김호중나태주자서전주중주말호중사랑김호중 김호중자서전 김호중마음을치료해주는힐링가수너무나 사랑합니다 소중한 우리 별 김호중사랑아지금까지처럼 당당하고 거침없이 달리는거야가자,N,-0.2815502225103584
민서가 안 잘생겼을 때,N,-0.6499938526820188
너는 항상 완벽한 민서야,N,-1.367204000596745
드리핀 드리핀과함께하는멘션파티,N,-0.9363113574659927
팔로우 이벤트,👉,-1.1436233530508866
행복한 하루 마무리 잘 하길 바래요,💜,0.13943979611187438
엄마 제발,🥺,-0.2531417593118488
희로애락 킹덤 단,N,-0.6751674782703473
,N,-1.593365776556296
아 회사에 테라리움 가끔 열어서 환기해줘야 하는데,N,-1.4959421108769362
우렁차게 성악발성으로 노래해놓고세상 귀엽게 커피 머시며 형아의 따봉에헷,N,-0.7733826622939758
아아 너무 귀하다 우리 밍구,😍,-1.8144731512432135
슈퍼스타더보이즈 슈스덥 왔다 라이브테마,😎,-0.5773686541047839
더보이즈는 슈스더비 마음이라는 도화지에 그림을 그려,N,1.3366466887923347
멤버들이 어떤 그림을 그렸을지 궁금하지 않아요,N,0.68629098740556
난 원래 거의 다 일코용을 써서,N,-0.1693518145674595
그래서 간단히 넣으려다가 아무튼,N,2.368384013652931
잘생겼고 핫트렌딩송이란 세계 여러나라 사람들이 많이 알고 실제로 듣는게 위지,😎,-0.6648641543174512
핫트렌딩송이란 세계 여러나라 사람들이 많이 알고 실제로 듣는게 위지,😎,0.9094581220016875
지금까지 찍은 우리 집 고양이 사진 중에서 가장 멋지게 찍은 사진이라고 생각해,N,-0.19634332615980488
만족스러운 우리 집 스핑크스,N,0.360299399976736
온라인 쇼케이스도 멋지게 마무리,N,-2.311092209298812
활동도 우리 쭈욱 함께해요  아돌라멋진챌린지,😎,0.1277366860769662
드리핀 아이돌라디오,N,0.13115117577828617
저 알베르트 나츠야 이쿠야아사히디엠주세요,N,-1.3545441218467846
낮 낮 도장 각각 개막공이 얼마 안남았지만 혹시 있으시면 멘션디엠 주세요,🥺,0.36315612666603503
데드풀만왠 젤리같은걸 들고있냐하시면젤리왹져들 사이에끼기위한방편이기때문에,N,0.6211082399727748
심비오트들 어차피숙주없으면젤리들이잖아요,N,-0.04071318095672659
우주토끼 차 샘플이에요,N,-1.8086815859728798
눈매 자체는 마음에 들게 나왔지만 수정할 부분이 있는 것 같아 차 샘플까지 가겠습니다,N,-0.5864573865748391
이미 뵤한 느낌이 있어서 차도 잘 나올 것 같아요,🥰,-0.27545491222863544
무속성우주토끼 국 쟈니 이렇게 갑자기 나타나서 아아악 하고 저음으로 영어하면 쟌프는,N,1.8932808824284624
오늘도 도경수 엑소디오,N,-0.9867127474771804
으로 두 분만 받습니다,N,1.4300536888826747
이번주와 다음주 악당 대공님의 귀하디귀한 여동생은 휴재입니다,N,-0.8429897985900804
이 그림은 수도에 있었을때 데이먼의 숙제를 하다가 골아떨어진 아닛사,N,0.015565844024198264
케플리안 여러부우운,N,0.8538709251117799
안 오면 후회한다다,💗,-1.3676559259409597
배포 목록더블크로스 타이만 회문시날,N,-1.7776863971988888
더블크로스 인 테겜,N,1.1732706059869704
더 갖고싶죠 그럼요,N,-0.3983673728970562
그럼 가져야죠대신 꼭 기억해주셔야 합니다,N,0.3946245166960139
수령 후 추첨예정 한 명,N,-0.8407841977257102
인생 네컷 포즈여,N,0.1945473045021034
쟤를 찍어주면 공식적으로 국민의 지지를 받는게 되어요,N,1.1690747930183034
그게 뭐 어떻냐구요,N,-0.23157465708578087
허경영은 밈이 아닙니다,N,0.26455072099199367
완깐 슛기 티존 환장하게 예뻐서 또 미치겠다이 와중에 발음,N,-1.0174625140591453
엘르 코리아가 주년을 맞이했습니다,N,-0.659714396699369
축하축하요  데릭 아직도 모르겠어,N,-0.587972054966914
나는 로잘린을 사랑해,✨,-0.0772062709028555
새롭게 시즌 으로 돌아온 악당의 아빠를 꼬셔라많이 기대해주세요,N,0.2693633002578565
시즌 복귀악당의 아빠를 꼬셔라 화,N,-0.7358454463092594
찬찬히 행복하게 보겠습니다,N,-0.11651260249022705
퍼스트룩 핑크승관,N,-0.2538240339658858
승관 홀리하다 진짜 예뻐,N,-0.04588770014537603
진짜 예뻐 진짜 예뻐,N,0.5184744880150086
저도 두장 뽑는데,N,-0.6417238819782045
티오원을 위해노력하느라 고생이 많아,N,-0.32108368689342254
우리 같이 더 힘내서 멋있는거 많이 만들자화이팅,🥰,0.7792798647132043
티오원  멍냥톢 오무라이스 버즈 에어팟 둘 다 진행해요,✌,-1.3826130300429298
오아아아아 ㅏㅏㅏㅏㅏㅏㅏㅏㅏㅏㅏ 최고,😁,-0.4401214363448454
본방사수 잠시 후 시 준꽌찬과 함께하는 호캉스,✌,1.1736242303344515
장발피어싱낭창몸한 미인이 른이 아니라면 그것은 범죄입니다 거기다 연상이라니,✌,0.08024449277751554
연상수의 절대조건,✌,0.7922211744940534
잠깐의 라이브,N,0.33081278820267335
디크런치 마마무 문별 누나가 찍어주신,🥺,-2.026825845450524
네 앞에만 서면 별누나 신곡  많관부,✌,1.294055855432763
크래비티 잉글리쉬라인,✌,0.009589423196923347
크래비티 앨런 정모 태영,N,1.546169478272564
장정의 더우인여러분 시간이 됐어요,✌,0.5399407425526948
장정의 장징이,N,0.6985328889417948
티오원 노트북이 빠지니 짐이 확 줄어서 너무 편하고 좋다,✨,0.6787321382289235
최강조합 몬스트로,✨,0.7713386813652668
빨대 귀여움김선호 너무 귀여워,N,-0.08629505771561506
너무 이뻐 유빈이 눈부셔,✨,-0.6193752940424913
오세훈 해적 도깨비 깃발 퍼스트룩 표지 화보 공개,✨,0.6619516518845556
오세훈 엑소 해적도깨비깃발  미쳤다 미쳤어,N,1.7210732667584827
해적 아니라 해해적도깨비깃발 퍼스트룩 화보 공개,✨,-0.49492656566260407
대존잘 배우들의 반전 변신을 보고 싶다면,N,-0.05866035192859745
에 에우리 프롬이들 무대 보느라매일매일 이렇게 벅차올라,🥰,0.9613451422794174
프로미스나인 엠카운트다운,N,0.5991801622454539
어 학교와 아동학대,N,-0.786355290981431
촴내 별 내말이 우리 무조건 남친도 없어요 남편도 없어요 애기도 없어요 없어요 없어요 봇이였는데 어느 순간부터 왜 그러는지 모루겐네,N,-1.1612817486982456
애인도 남매라고 우기던 우리 잊지말자애니 알 유 오케이,N,-1.6791527949598488
알 유 오케이 애니,N,0.3014079234423692
대본리딩 안효섭김세정 비주얼 케미 갓벽,✨,-2.398069551140627
내장님 커미션,✌,0.2290339679353541
씻기전에 라이브,😆,-0.26330449528811045
케플러 쌤들의 방과후 댄스 교실,❤,-1.158023636137433
우주소녀 쪼꼬미 다영 몬스타엑스 기현 영상 도착,❣,2.385249382182037
어서 확인하세요항상 기다려주셔서 감사합니다,💚,-1.3261627939485348
리트윗 누르고 댓글달아줭,❤,-0.5612663302140157
나 떨고있나 풀버전,👉,-0.06711440295099545
포근하고 따뜻한 푸른 밤 보내길 바라요,💙,0.6670236850751292
퓨즈퓨즈퓨즈퓨즈,🥺,0.04435891540201743
위팀은 공계가 나서서 독려 하더라구요,😂,-1.0665532006590297
잘생기고 이쁜 형님 누님들 찾아요,❤,-0.6341197963299005
남 여,👍,0.012737125404739933
했어요 넘 반가워요 채소님ㅠㅠㅠ 예전 분들 만나면 왜이리 반갑지요,😂,0.1301018200851039
구매 해주셔서 감사합니다,❤,0.5415389300030643
지훈  모모랜드 제인 선배님과 성공,💯,-0.578702632015949
제인   모모랜드 제인 선배님과 성공,💯,-0.7026702635381947
제인  모모랜드 제인 선배님과 성공,💯,-0.5468418021481473
모모랜드 제인 선배님과 성공,💯,0.6281935799259682
제인  펙트체크,💯,-1.6830239592729312
상품 안내퍼리즈 교환 티켓 명 클레온 홀더대상 명 전체 인원 대상 명 추첨,✌,0.49291395808687954
퍼리즈 교환 티켓 명 클레온 홀더대상 명 전체 인원 대상 명 추첨,✌,-1.4569788796054046
의역오역을 포함해요재밌게 봐주세요,💙,-0.015123626354554049
리트윗 해주시면 랜덤사진 발송해드립니다,😊,1.1368529878804332
투모로우바이투게더  오늘도 아미들이랑 함께여서 행복,😁,0.060977665353276755
해치지않아스우파 화 예고,❣,-0.054843371547564614
리더즈가 행복하면 된거야국가대표 댄서들의 본캐찾기 여행해치지않아스우파 목 밤  새해 첫 프리스타일,🤭,1.032506731162991
까지캐럿 큐빅의 최애 편과 명장면은 마이크 없이도 들려 굿즈 종 출시 여러분의 책상에 펼쳐질 신세계,🤭,-0.9356496680090338
그리고 루나 멤버들의 풋풋한 모습,🤭,0.5073766811346113
소눈 표현이 넘 귀여우세요,😆,0.1004459851947661
거기에 따뜻한 커피한잔 꺄아아악,🤭,-0.5721885088266072
최대한 큰 화면으로 본다 좋은 건 크게이 가지는 꼭 잊지 마세요,❣,1.7095111963256282
주접스티커 통판,❣,-0.6605893876328648
추첨일,💜,-0.9985136597895221
홍대입구역 광고시간월일월 일,❣,-2.050386568293887
트친한정  위 축하해,❣,1.5994983601596098
그리고 스페셜클립 도 다시 보자,💙,1.5099884390957294
출장키스방영동여대생,💙,-0.0926161354251711
다 잘하는 우리 완디,💙,-1.1715887082324346
기념으로완디 셀카 컷들 공개합니다,✨,-0.767611720031101
잠시후 오후 시에 만나요,💜,-0.39827188934632696
함미다민서의 메시지를 받고나서 자고싶어요,😭,0.08671105122869703
,😑,-0.2193040399263948
아이고,😑,-1.0038991896657528
크정국아    아니야,😑,-0.6590294384784146
니가 책임져,😑,-0.11994066201848326
봄툰 레진 둘다 할인했음 좋겠어요 리디는 바라지도 않음,😑,-0.04939300755799399
야 꾸밍아 안 그래두 너한테 카톡 보냈는데,😑,0.6019532156941375
오함마가 필요하네,😑,1.0339845739579978
어제 이것도 올리려고했는데,💜,0.12787335082609866
추첨 분께한입거리 세트 보내드려용,❤,1.3007987603230606
통판 열엇습니당 추첨 분께한입거리 세트 보내드려용,❤,0.6520496648624377
윈드모해 애교만땅,💜,0.6388511466185263
긍정만땅 노래조아,💚,-1.1206515314023777
새우튀김 우동도 느끼하지 않 헤헤,🤤,-0.4842763082326792
사람 피말리게함 살짝 감은 눈,🤤,0.5913007429821794
천국은 없다 환타 저천국은없다 안태주 오야붕,🤤,-0.9983913790193925
패댁넘 귀여워요 흐아악,🤤,0.3486598739850753
진짜 너 무 기여워,🤤,1.5920980979924655
해적 도깨비 깃발 출장십오야열정 해적선 단원들과,🔥,-0.16100258275290744
보러 가기,💗,0.3404107164730042
폼 오픈기간 월 일 월 일 까지,❤,0.20932165201855696
이런 대박 기회를 놓칠 순 없지,👉,0.9266071830993442
금요일은 리스팅 쉬어가는날토요일 저녁엔 명화 샤냥이 경매가 있으니많은 관심 부탁드립니다,❣,-1.791466157671615
너무 좋겠구요 최고의 칭찬,😭,-0.6553251771058499
잠시 후 시 준꽌찬과 함께하는 호캉스,✌,-0.14100905211612477
함께 해주세요,💜,-1.6672643461586105
문별  온마음 다해 널,😊,0.38099857981398494
,😎,2.156902311877896
거진 달에 걸친 대장정이 끝났습니다우여곡절이 많았지만 만족해요,❣,-1.124272726177818
여자아이들  임영웅 웰메이드 호랑이 기운을받아 새해에도 건행,💙,1.2280956263899923
달디와 함께오늘도 시간 함께 꿈꾸라,💚,-0.13752223025499402
달디와꿈꿔라 추첨,💗,-0.8889878385165987
오픈했습니다월 일까지 폼 제출해주시는 모든 분들께 미니 하트밤 키링 넣어드려요,💗,-0.6658153110139563
고양이 인사하는 선우,🥺,0.3685026278411153
ㄴ왜ㄴ 진진라키 목소리가 너무 달콤해서,🤤,0.6118765729065593
스페셜클립  에서 가장 수익성 높은 유틸리티를 가진 가장 인기있는 새로운 토큰을 확인하십시오,🔥,-0.2997548034274948
에서 가장 수익성 높은 유틸리티를 가진 가장 인기있는 새로운 토큰을 확인하십시오,🔥,0.6158345613698303
투표권 회수 잊지 마시고 계속 힘내주세요,🔥,1.2212804846651824
협력 징짜 너무 많은 축하랑 행복을 주셔서 감사함니다아아,😘,0.7520669782842916
컴백 축하해,❣,1.3080814035102213
영원히 끝날 거 같지 않던 트맵 시즌도 끝이 났습니다,🥺,0.4454272780237545
시즌도 그렇고 막방 보면 울컥하네요ㅠㅠ제작진분들 너무 감사드리구 멤버들도 진짜 고생 많았다ㅠㅠ,💜,0.18159126965873765
ㄱ 올영 트친 급구올영 담당자도 친구를 만들기로 마음 먹었읍니다,💚,-2.008705158364908
제가 원더킬포랑 상성이 잘맞는것같습니다하루종일 이영상만 보게되는군요,😎,-2.3823057305159727
저스트비 양도합니다반택 준등기 가능싸게 드립니다ㅠ 웬만하면 에눌 맞춰드려요트친가좍들 알티 부탁,💙,-0.3323431179320672
주접스티커 통판,❣,-0.47262836112329104
예쁜 애 옆에 예쁜 애의 정석 케플러,💜,0.4767468373155967
민서야오늘 는미피면 당연히 뮤트를 안 그릴 수가 없잖아요,😭,0.2682651061576428
나랑 준기래기여워서 자결해버림,🥺,0.09643282653220503
저 이거보고 화가 나서말 목이 확 꺾여서,😭,0.3227785271775429
원투님의 지대쩌는 라임에 또한번 반해벌이는 홀올옥,❤,1.9365448197128567
자석이 오른쪽 엉덩이에 있습니다,😂,1.909235102028127
지금은 덮개 위에 화분 올려뒀음,😂,1.4220479312285543
년 연말에 코시국땜에 아무데도 못가서 심심한 나머지 신장판 나온거 보고 만화책이나 보자고 전권지름의 결과완독후 바로 입덕서칭일웹탐사국내온리전탐라입성은인을 만나 회지를 얻어읽고사고 또 사모아서 현재에 이르렀다네,😂,-1.168239035128886
즐거웠길 바래사랑해,🥰,-1.2230248329346918
만날 지민이 보고 실실 웃는다,😁,-0.4197776681149652
오늘은 좀 더 편안해졌는지 모르겠네 무리하지말고 천천히 회복하자 지민이가 최고,👍,-1.0360403240367695
쥬 체고다,🔥,1.156715661860177
헐 유밍깅 완젼 오랜만,❤,1.075821413067116
곤님지금 완전 쿠퍼액범벅인데봐주실 누나,❤,0.7190630039640553
라인 나 디엠으로 와주세요,😘,0.7496649429834749
년 월 일 일요일 오후 시 준희 하고 싶은 거 다 해,❤,0.16201728656375539
주학년 라포티셀앳스타일,❤,0.5489514104800608
알티이벤트안녕하세요 월 일은 테스타의 첫째 자랑스러운 천재 아역 배우 출신군 아이돌 가수 배세진의 생일입니다,🐹,0.07687754310922036
드립니다 팔로한정 월요병주치의 돌아왔슴다,😎,-0.1589815120655173
벌써 월 둘째주에요 컴백 언제 오나 언제 오나 기다렸는데 돌아오는 주만 지나면 곧 만나네요,🥺,0.11383750043333363
슬임님  내가 너무 사랑하는 그시절의태형이,😍,0.7447357612361295
월요병주치의 돌아왔슴다,😎,1.4143997212269117
개인용도로만 사용해주세요,🙏,0.3145831438987351
우리 곧 만날 거 생각하면서 내일부터 트레저도 트메도 모두,💕,-2.214939685475659
버논이 생일 기념 대박 짱 귀여운 투명 프레임 포카를 나눔합니다,😍,-0.8561846338641246
리트윗 추첨 다섯분께 보내드려요,🥺,-0.22763845405412753
두발벌려 환영합니다요,😍,-0.7370401801402835
제주도에 있는 나의 엉냐들 제가 또 날아가께여,💜,0.7433617765546499
이 지헌 오늘 재밌었어요 다음에 또 보자,😊,1.1257794899513698
한뮤직 링어벨 기념 알티 이벤트,💚,0.34381858151592853
성 미도리 링어벨 이벤트가 한뮤직에서 시작되었습니다,💚,-0.05625496655749262
당첨자 발표는 월 일이벤트 종료 후입니다,😊,0.2550047045280841
특전은 나눔존에 두었으니 편하게 챙겨가세요,😊,0.32822227167421847
지민시히히 다음에 또 만나여,😊,0.7394020292704608
토롯코 보라머리진 방탄소년단 진 석진 직캠 영상을 업로드했습니다,😊,0.33922368747202974
사람 한 명 살려주세요,🙏,-0.6972060934758847
개 멜론 주간 인기상 완료,🙏,0.9955423650494221
중독온신돌온 오 부스 인포문의사항은 페잉으로 부탁드립니다,🙏,0.06538220368759742
언제 할까 소리는 못 지르더라도 규봉이라도 흔들게 올해는 제발 꼭 좀 해줘라,🙏,0.9355877615539043
제발   팔로우 이벤트,👉,1.7054993036875825
아르카나 카드 한박스 입니다,👉,0.6826834241617465
수고했다 울 달디,💚,-0.28082731814831885
모두모두 고맙습니다,💚,1.962545778059257
희희 감사합미당,💕,0.8714923433593645
제발 다들 탈앙 탈트 하지 말아주세요,😭,-0.004296157626905874
저랑 평생 놀아주세요,💕,-0.14784012951960732
이벤트예 앨범이 또 생겼습니다집이 터질 것 같습니다거지꼴이에요 집이,😭,-1.0572110272606572
앨범 이것저것 뭐 앨범 구성품 이것저것포카도 넣고 이케이케 해서 드릴 건데택배비 원만 부담해 주쇼 전혀 업데이트를 못하고 있지만나름 완성했던 한복들,😭,0.6397785181253001
사랑스러와  샘 여기서두 갭차이 가끔씩 보여주세요,😘,0.09999120562765361
헐 너무 귀여워요ㅠㅠㅜㅠ감사합니당,😘,-0.9191053597733686
한복 물망초 조합해버리기,😘,0.8380470623519937
반박할수없다  나두 사랑해,❤,-0.8912639381578045
전정구기 증말 귀여워 미친다,🤭,0.10606154358387437
알아 알아 니 맘 알아,🥰,-2.021574126219989
아미들이 장난 친거야 꾹아,🤭,-0.4526696868489053
군 마음 풀어사랑하고 사랑해,😘,0.24960189618135015
울 태형이 진짜였네요,👍,1.095072134728782
그냥 편하게 말하세요,👍,-1.2336392123960271
나의 최애곡 이기도 해서 감동이 두 배 였어요,👍,-0.14459239465680013
하ㅠㅠ 역시 다정하네요,💙,-0.13231758275333308
혹 있으시다면 맘글 찍어주세요,❤,-0.827590972814466
임영웅 가온차트뮤직어워즈,💙,-0.811354341836053
영훈 돌아왔다,😁,-0.9944976970717647
어느 쪽이든 너무 깊게 생각 하는듯,😁,0.09023198479510196
겨울에도 안켜시던 돌침대의 용도,😁,-0.39273232393176394
저 잇자나요,🔥,-1.042490010951251
요시   쌈싸라즈 ㅠㅠ 너무 이뻐 흑흑,❤,-1.6751997411400192
렌탄    월요병주치의 돌아왔슴다,😎,0.15310863149781154
지성이의 생일을 맞아 멘션 추첨 통해 원하시는 포카 선물해드려요,🥰,0.9474928772702323
국내주소 한정입니다,❤,0.3656160675701123
준등기비만 부담해주시 월요병주치의 돌아왔슴다,😎,0.6453646108188117
이리봐도 쟈니 저리봐도 쟈니쟈니에 둘러쌓이니 이리도 행복할수가,💖,-1.2327407241339046
우주소녀 쪼꼬미,💖,-0.6258080970266489
지누 아프지말구 늘 행복하길,💖,0.11162719992937681
유겸 갓세븐  다가오는 재현이의 살 생일,💖,-0.8974785851143326
을 기념하여 알티를 해주시는분들 한 분을 뽑아 샤넬 헤어 미스트를 드립니다재현이를 사랑하는 모든분들 참여가능,🥰,-1.0662350885109655
많이 아끼고 사랑해,💚,2.4475496422729144
많은 관심과 참여 부탁드립니다 영훈이 격리해제 기념,❤,-0.5626458033482522
트위터 인장에 사용할 수 있게 포즈 취해달라고 해서 받았던 영훈 프로필 사진 컷 공유합니다,😆,0.7591789033306799
비투비 공동 구매를 시작합니다,💙,-0.9160558870744924
단 돈  원에 받아보실 수 있습니다,😆,1.283200182791355
상콤 발랄 귤 이름처럼 상큼함이 느껴졌어요,😆,0.02689002110532327
와 함께해염풍성한 설날 되시라고 설 축복과 함께 깜짝 이벤트도 준비했어요,😘,-0.8355710615854116
문스타 무대 기다리느라 하루에도 번 오르내림,😎,-1.2907256248378256
다음 주부터는 수요일 시에 나우에서 만나요,💜,0.3658320758697303
해서 폭풍 칭찬해주고 옴,👍,-0.02579652756040354
인원 대 모집 중여성우대중,❤,-0.09739869738312486
월요병주치의 돌아왔슴다,😎,0.6511266995956831
우리 곧 만날 거 생각하면서 내일부터 트레저도 트메도 모두 쌤도 아티움에서 만나서 같이 장승하시겠어요,😎,-0.7763524323178687
트친한정 장르한정배송비 부담 가능하신 분만,🥺,1.4961349697186528
냅다 올리는 트친소 지뢰는 알아서 걸러감,💕,1.3491327135974835
멜론 엔하이픈 폴라로이드러브 위,😍,-2.861656672975827
러뷰어가 많이 축하한다,😭,-0.3010640140628549
테스타의 맏형 배세진,🐹,-1.4378823808218828
평생 행복해야해알티 추첨 한분께 아래 기프티콘 드려요,🥰,-2.2245658786292157
헛ㅠㅠ 감사합니다 혼자님ㅠㅜ 아무도 안해주실줄 알았는데,🥺,-0.8594939224008215
많이 좋아하고 사랑해 울 오빠,❤,-2.0700040239747124
오늘 내 꿈에서 놀러와주어,❤,-0.14988320481282857
세진이문대김우석 도윤 우석모두 성장하는 모습을 보여준 작품이 아니었나 생각함,✌,-1.732473995655467
첫방 본 게 엊그제 같은데 벌써마지막이라니 섭섭하지만과거의 아찬이와 우리 도윤이 모두 행복하길 바라며,🥺,-0.10800665188016396
샘  ㅠㅠㅠㅠ교류도 없어서 맘찍해두고 눈치 많이 봤는데ㅠㅠㅠ정말 감사합니다,🤭,1.3519280659379753
두고두고 찾아보겠습니다,✌,-0.29776919629224247
멘션은 내일 마저 달게요오다들 좋은꿈 꾸시기를,✌,-0.3462716459890125
추첨 주접티커 보내드려요,🐹,0.0006259451837946756
손 잡아 주신 울님들 모두 감사합니다,💜,0.3764777427188267
오늘 같은 날씨는,✨,-0.1265315938251716
우리 명엘의 완벽한 옆선,🥺,-0.3831022266464178
년전오늘의김명 팬미팅 오랜만에봐서더옥소중한것같아,✨,-1.473074272313334
가장 빛나는 지금 이 순간우리가 함께한,✨,0.48634393005512155
뒤에가 미친듯이 재밌어요,😭,1.0034319622251846
불가살 첨부터 끝까지 본방사수 했었는데 늘 다치고 상처 많아 속상도 했네 앞으로 더 성장하고 기대되는 우석이의 앞날을 응원할게,❣,0.038841196164374786
우석이 고생 많았어,❣,1.5632426388700078
서현진님 뮤지컬 공연 보러간 성훈이화질 좀 더 나은거 한장 더있었네,💙,2.018583665342863
완벽한 블로킹과 세ㄴ터적 모먼트,😎,-0.9018917984467442
완벽 그 자체 그리고 빼놓을 수 없는 세ㄴ터 수지킴,👍,0.5768222467019029
토스할 때 너무 좋아,😭,-1.6634534266571068
안구정화 심신안정을 찾아줄 빛나는 미모의 찐,😍,0.5263760901968827
차금  이하로 구하고 싶어요,💕,0.2672540993560249
여러분 메리크리스마스,💚,0.9159372809878755
퀴즈 너무 재밌게 풀었어요,💕,0.08414225010124983
양천미시양천출장마사ㅈㅣ,💯,0.28424443621191353
출장콜걸포항콜걸춘천출장안ㅁㅏ 후불제 출장샵,💯,0.9433412440026779
하디만 아직 안풀렸음 전정국에서 전정구기 됐어,🤭,0.6924337673466442
쿨거 서비스 많이줄게여,❤,0.13923620131850004
ㅓ걱 진짜였어 왤케 잘해졌지 천잰가바여,🤭,-0.0840639244419734
메뉴가 다 내가 좋아하는 거다,🤭,0.7026917207870998
짱이야  제이콥,🤭,-1.733850796755096
꽃꽂이 대신 생선꽂이하고 당당한 카나타,🤭,0.11614250468630684
그리고 푸카하러 가버림,🤭,-0.33439603907790993
해시태그 한개가 막혔을 때의 대체문구해피 우리 토미도 간바리마쇼,❣,-0.6121496014309202
비둘기는 모르고 통일호는 아라여,❣,-0.3045857458282156
주찬이 엔딩멘트,🥺,-0.7481331176990764
ㅌㅇㅌㅇㅈ 박일동안 겁나 즐거워따아,❣,-1.5165560010144785
모나 운전 해주느라 고생도 많이했움,💕,-0.927061090544702
제일 중요한 라면 앤나 김치는 예절샷 못 찍음ㅠ 다음에 또 놀러오렴,❤,0.5591572430738403
나두 알러뷰 언니도 쫀밤되길,💕,0.03206443626639877
오늘 블록이 햇살님이랑 티풀님 만나따,❣,-0.7312966768120245
쌤들 담에 웅 때 만나면 저 후다닥 달려가서 인사 할 거니까 저 품어주새오,🔥,0.4664285811720518
무섭지 않아요 아픈 사람 낫게 해주는 곳인데 모가 무서워요,💚,-1.0497344518805636
구하다 지쳐서 열어요,😭,0.10853588257167983
같이 시끄럽게 데식 얘기할 분들 모셔요,🥰,2.5479280547612664
셀카 달라고 했더니 비하인드라고 그래서 고맙다고,😆,-0.47097925105554767
태형이 아기였을때 왜 난 아미가 아니었을까,😭,-0.4938307386367129
준슥아 니 말이 맞대이레벨 리슨 구독 해지,😑,-0.18440682180958842
지들이 하면 정의로운 신혼여행비 모금이죠,😑,0.9163910914421117
고래연갈색바지연보라,😑,0.20196716856664834
남우현 우현 인피니트  죄송해요,😭,-1.6186026799172466
매끈매끈 반들반들한 피부,✨,-0.15688722243886244
시끌벅적 인더 숲,🥰,0.3988378685979317
일정 슬롯이 찰 때마다 해주신 분들 중 한 분을 뽑아 그려드려요,❣,-0.49317010412462753
오늘은 에디첼라 꿈 꾸려구요,🤤,-0.8253253719450272
컴백 서둘러  살이살살녹네,🤤,-0.48441823748368523
드릴께요  우주소녀 쪼꼬미,💖,1.4041424997231948
생일 축하해지금 바로 공식 홈페이지에서 지성 이의 감사 메시지를 확인 해 보세요,👉,0.14316210163535792
요럴때 보면 또 너무 사람재질 난 태형이가 신이 환생한거 아닐까 싶었거든,👉,-0.4555114196942086
넘 갓벽해서   팔로우 이벤트,👉,-0.5076606788883259
아이폰 갤  팔로우 이벤트,👉,0.32666174940407844
웅 무궁화 죵죵이는 슬퍼ㅜㅜ 후엥엥,❤,1.5570314722920606
귀여워 ㅠ   네네 친해져요,🥰,-0.8556674853481581
친해지면 선물도 퍼줍니다,😊,-2.3000538275115914
방탄소년단  투댕댕즈야,❤,-0.7269974960757839
우빈아안뇽 안뇽귀여워너무 예뻐잘생겼다헤헤,😍,0.6887016954821144
영상 진짜 잘 나왔어너무 예뻐진심이야,👍,-0.41179156871639333
사진 고마워 귀여운 종업이,😆,-1.37558568146913
당욘한 졸림지금이 어엄청 행복해졌어,💕,1.057035084620873
메세지 하나하나가 넘 행복해 보여,😍,0.7459810572259181
성인을 위한 학습만화 꾹나잇요,💜,0.7503864112369317
팔로우 이벤트,👉,0.7366790769161928
팔로우 이벤트  본 글을 후 계정을 팔로우하시면 추첨을 통해 한분께 앙스타 아르카나 카드 컬렉션 박스 를 드립니다,💕,1.1107148018144801
인생에 모자라는 걸 안써본 사람이라서,😂,1.174108700554129
모두 우리 행복이 생일 축하해주세요,🐹,1.8117432452597928
원필이의 솔로 데뷔 많은 축하 해주세용원,💚,0.8597364692052378
추첨 한 분께 보내드려요,🐹,0.5204610833867566
추첨 한 분께 보내드려요,🐹,-0.44077535759476677
구미출장샵 추첨 한 분께 보내드려요,🐹,0.5444674300789032
추첨 한 분께 보내드려요,🐹,0.8918553062062748
사랑해요 유니버스 빈이 폴라 하나만 부탁드려요ㅠㅠㅠㅜ제발요,🥺,0.8208245399842481
오늘의 유진한유진 아이돌 왜 안하냐 이렇게 찰떡인데,😭,-0.28773119172420686
신고해도 별 소용도 없나봐신발은 다들 어케 보관 하시지,🤤,2.544148036419102
수요가 많다면 고려는 해보겠지만 그 정도로 수요가 나올 것 같지는 않네요,😭,-0.5514637791738977
헤이세이점프 덕후 밋치의 첫콘 간 이야기,💗,0.555498951205119
유겸 갓세븐   팔로우 이벤트,👉,-0.6418692750186783
유겸 갓세븐  추첨 한 분께 한 세트 드립니당,💖,0.6533471015425855
기다리겟읍니다,💗,0.4100757055674354
석양이 지는 후원에 이런 구도면 브리아나의 얼굴이 잘 보이지 않아서 로저가 오해하기에도 딱 좋겠다요,🤤,1.0973415444588321
생방송으로 진행 마이,💖,-2.149840320133858
이 트윗을 해주신 한 분에게 공룡 텀블러를 보내드려요,💚,0.13139572169570513
캐럿 한정  디노날 디노시 당발디 하루티켓 라흐마니노프김경수 티켓꽂이 도안나눔,😍,1.9229693132257881
모 아니면  도 너 아니면,👍,0.7812565238654712
배세진생일가뵤자고세진아,🐹,-1.5771281953065164
배세진생일가뵤자고세진아,🐹,-0.39313187504529273
배세진생일가뵤자고세진아,🐹,0.38284692055199687
너무 멋져요 최고입니다,👍,-0.12688419881863477
와 혜주 모야이렇게 애교쟁이 사랑둥이라니,🥰,1.3913883064379566
남은 인생을 걸고 말할게 두번은 없어 넌 나의 마지마악,🥰,1.6046173502804624
출장유부녀고창유부녀,❤,0.46431649775504624
출장콜걸하동콜걸 년 첫 꽃,💜,0.8495937656402915
올해도 잘 지내보자아 이삐야,❤,0.8613190029699106
그게 나야  마음이 너무 충만해요,💖,-0.6155515696397652
이 에피소드에서 내가 가장 좋아하는 노래 중 하나입니다  염소를 데리고 처음으로 몸치장을 했어요,😂,-0.16938273311279498
군대 누가 리트윗하는지 따라와요,🔥,-2.610046084664393
리한나는 짙은 입술이 너무 잘 어울려요,💕,0.67676180115508
무대 위의 명의 왕자들,😍,0.48572219637683206
요 저건 배다스,🔥,-0.4564885994860799
당신을 따르는 모든 것을 따라 가십시오,🔥,-0.11589420017334764
디오가 너무 불쌍해 보여서 받을 자격이 있어요,💕,-1.1379876632369426
너무 아파 그리고 마쉬알라 우리가 도와준 시리아 꼬마들은 너무 착하고 귀여웠어,😭,-0.5465035542823646
내 엉덩짝 마누라,😍,0.17080400603622686
에구 웃는거 너무 귀여워 지금 스트리밍 바이오에서 내 링크를 확인하십시오,🔥,-0.8644392002728645
원제 도스트,💚,0.5083353390991866
군대 누가 리트윗하는지 따라와요,🔥,1.3624724858264998
그녀의 물건과 좋아하는 노래,💖,-1.4862607246416168
발표자가 그냥 닥치라고 해서요,😭,-0.5721496378806006
프롬은 식은 죽 먹기야,😁,-0.45814086130190745
아빠 앰프 그의 미니,💗,1.2156936163920464
이번에는요 마지막 한 팩을 하고 나서요,😂,0.977017801339012
솔로 주년    같지만 달라요,🔥,-0.7083698563610232
말도 안돼요  법학자 주드 바이가 호메이가드를 받았다 사랑하는 나낭에게 감사한다,😭,-0.7377799376219971
좋아 됐어 전화기를 북쪽으로 건네줘,😂,0.10390843222325856
젠장  우리 가족은 똥이 아니야,😂,-0.9597200449274758
가족과 함께하는 생각과 기도,🙏,0.893764568803751
더 많은 삶 더 많은 사랑 언니,💗,0.02278045755998784
정말 고마워요 데이비  저는 아니에요,😭,0.2368225193087624
못하니까 다시 뺏는거지,😂,-0.6851504306448619
이모티콘들이 못을 박았어,💖,0.45336172757266263
예쁘다고 생각되는 이 아름다운 털북숭이 똥꼬가 너무 좋아,❤,-1.2085908335651527
나는 예쁘다고 생각되는 이 아름다운 털북숭이 똥꼬가 너무 좋아,❤,-1.0613588257167794
음 황당해요  고마워요 대런,😊,-2.271322559023436
맹세코 이 거리에서 전쟁이 났을 거야,😂,-0.04275002817157666
중쿡은 정말 행복해 보인다 마침내 그는 술을 마실 수 있다,😂,0.5867232086590194
활동 오늘 오전 시에 처음으로 채팅하기,😁,-0.45782982971362035
노래 너무 좋다 우우,😍,1.140807221779039
적은 것에 만족하지 마세요,💖,-0.9714300899785814
가장 재미있는 반응은 손 아래로,😂,0.3926165444151235
벌써 화 기다리고 있어요,😆,-0.5670806871965955
좋아요 바닷가,👍,-0.46518176214745144
마침내 주를 만들고 버그 사이언스에 있을 때,😂,-0.5336983398314349
트래비스 스콧과 조니 댕과 탁구,😂,0.5076386581779052
나는 입니다 나는 당신에게 무료 또는 무언가를위한 몇 가지 교훈을 줄 수 있습니다,😂,-0.27519769627201524
예수님은 그냥 넘어갈 수 없어요,😂,0.4192623768948401
사랑해 수울 시스타,💕,-0.15239276676978028
지금 그를 구하기 위한,❤,-0.22546157244673204
이제 팀들이 모든 연극을 만들고 있는데 그렇지 않아  곧 시험이라 그런지 너무 편해,😂,0.356601890251084
얼마나 우상인가,✨,1.4667140504514056
다 왔다  난 평생 이 말을 해왔어 그 혼합물은,🤤,-0.1836235466714439
도나는 그렇거든,🙏,-0.38438124674827373
리얼토크 일어날거야 가족과 함께하는 생각과 기도,🙏,0.34297000286640866
그게 내가 모든 예술가들과 함께하는 방식이야,😎,0.12149516710368312
사람을 통제하는 게 너무 좋아요  리트윗,👉,-0.098999656518069
리트윗 또는 년 불운,😂,1.505732238744975
세상에 저도 합류해요,😍,1.3144315227000187
고등학교 동창회보다 중학교 동창회에 가곤 했어,😂,-0.2714220181811941
그래서  내가 방금 개를 위해 산 사자 복장을 제대로 입었다고 해두자,😂,1.245780995236295
자랑스러운 부모님,😊,0.8603988126549416
내 시체 위로 크리드는 너무 과소평가됐어요,😂,1.537514411901739
당신은 매일 당신의 영혼을 확인해야합니다 모든 것이 모든 것인지 확인하십시오,✨,-0.5540391840228134
엔딩이 나를 잡아줘,😂,0.25450539203888817
오늘도 좋은 하루 보내세요,😆,0.5661195280114967
이 사람이요,😂,-0.7793151131708215
내 이발사 미쳤나봐,🔥,-1.4078945820828794
자위하고 게임하기 지금 플레이,👉,0.10569448210773574
빨리 먹어보고 싶어,💗,-0.2229873821604968
하하 고마워요 토리,💗,0.1545762652787347
만약 당신이 이 되고 싶다면 안녕하세요,😊,-0.033245224037822235
약속해요 전 그냥 행복하고 싶어요,😭,-0.21805213179111493
깜둥아 음악 좀 틀어 리트윗 또는 년 불운,😂,-2.5231073857359263
그냥 사랑을 전파하는거야 월요일에 갔었어   페이스북에서 오래전에 본 사진이에요,😂,-2.486193219701639
사랑하는 사람에게 태그를 달아주세요  내가 어떻게 죽고 싶냐고 물으면 내 대답은 그 망할 허벅지 사이에 짓눌릴 거야,😭,-0.010366604067363734
당신이 사랑하는 사람과 바보가되는 것,😭,1.069782761433361
흔들어  이마 여친이랑 오빠가 다 한데,💯,0.18066950261089254
하하 하하 하하 하하 하하 하하 하하 하하 하하 하하 하하 하하 하하 하하 하하 하하 하하 하하 하하 하하 하하 하하 하하 하하 하하 하하 하하하 하하하,💙,0.0582104809114853
완벽하게 실행된,💯,-0.7846630484667426
사랑해요  는 내가 체육관을 위해 일어 났을 때 에 자신을 싫어하지만 야간 자매는,😘,-0.9686251349770549
쿠키 드실래요  내 에 빌어 먹을 공간이있는 것처럼 미리 주문한 전쟁의 신,😂,1.3223647408429755
오늘 밤에는 전설들이 건물 안에 있을 거야,✨,0.15887268508399907
는 내가 체육관을 위해 일어 났을 때 에 자신을 싫어하지만 야간 자매는,😘,-0.08933495499544192
방탄소년단 일본 번째 머스터 팬미팅 포스터 포토카드  잭슨 왕,❤,-0.3637360352010893
세상에 이해해주시네요,❤,0.8145100962805913
라고 말했다 오메가아아앗,😭,0.35718126108257164
나는 누구 짓이야,😂,0.2839516183656736
아주 멋져요 고마워요 사랑스러운,😘,-0.06360604661256479
진짜 경찰이랑 싸웠나봐,😂,0.8881923420242663
느낌이 와  음 똥구멍이 너무 좋아요,🤤,0.6811714542017727
다들 결혼하는 수밖에 없어,😂,0.018767757359850243
개월하고 계산하고 있어요,💕,0.959973710607101
머리도 자르고 이름도 바꿨어,😂,-1.2325166427036955
너무 귀여워요 사랑해요,💗,-0.6380297621090545
그냥 별로 친하지 않은 알림이에요,✨,-0.8470697684509818
이건 제게 정말 큰 의미가 될 거예요 고마워요,💖,-0.4395661144374605
구독 및  월요일에 이런 일이 있었어요,😑,-2.147922972386866
이번 주말에 떨어뜨릴 것 같아,🔥,0.014119637262919937
한번 물어보면 눈물나게 하는 똥이야,😂,0.3216150618589106
크리드는 너무 과소평가됐어요,😂,0.6819258220321781
이 는 모든 걸 웃기게 만들어 이건 중요하지 않아 야 보이가 집에 와요,😭,-0.12825462121716638
이 사진들 지금 편집 중이에요,🔥,0.35456447798254803
네 맞아요  얼른 보고 싶다,💜,0.009885912771789395
무엇이든 춤출 수 있을 때,🔥,-0.27757222272654125
좋은 아침 남아프리카,😭,-0.5245347347290724
당신을 믿어요 이마오 온그랑 지훈이가 클라비스에서 이런 모습을 보니까 기분이 완전 바뀌어서 너무 좋아요,💜,-1.0084743838347954
무슨 수업이에요 가입하고 싶어요,💕,0.5751769811604212
인터뷰해야 해요,😂,-1.535876837788996
무대 위의 명의 왕자들,😍,-0.1428838390491269
제인들은 이미 철이 든 소년이다,😂,0.24185005106641783
오메갈룰 네르프 트리플 샷티,😂,-0.24373876626528676
내 동생에게 평화가 있기를 더 많은 삶과 성공 살아있음 배려의 마음,😊,0.5383193460099791
고마워요 여러분,💖,-0.4387013907786852
젠장  맷 코치님 수요일,✨,0.5391239756530342
이 취업난 때문에 미치겠어요  고등학교 동창회보다 중학교 동창회에 가곤 했어,😂,-1.1335412131737987
전반부  제리,💯,0.4961880052634108
나만 그런줄 알았는데,😂,-0.8174205896134226
리트윗 또는 년 불운,😂,-1.1901125687030139
그 깜둥이는 소름끼쳐요,😂,0.13022965785974872
패러디 계정은 어떻게 된거에요,😂,-0.9866671467170856
고등학교 동창회보다 중학교 동창회에 가곤 했어,😂,0.44858473690182377
군대는 리트윗에 신경쓰지 않아요,😂,-0.3737226066125067
아기를 너무 갖고 싶어해요,😂,0.17773774027894382
스트레이트 푸딩 팝스,😂,0.8780968120901518
첫 번째 사진에서 머리가 보라색인 줄 알았는데 너무 신났어요,😭,-0.7925833397369089
너무 웃겨서 힘들었어,😭,0.48708664452790756
사람들은 재미있는 왈라,😂,0.9811642447533167
라마오 끝 리트윗 또는 년 불운,😂,-1.051216598691163
여전히 가장 현실적인,💚,1.0792873044810056
놀라운 목표  이 언급되었을 때 그의 미소는 말 그대로 큰 소리로,😭,-1.3416427722411475
아내 생일 축하해요,💗,1.5908686022874303
프루토  진짜 잘한다,😊,1.5833329326255496
작년에 찍은 스크린샷인데 이걸 기억하는지 모르겠네요,💚,0.009202966665303595
내 아기가 다음에 너희들과 함께 사진을 찍기를 기다릴 수 없어,💗,-2.2482624916942013
세훈이 촬영 때문에 바빠요 비비랑 아직도 같이 있으면 좋겠어요,😘,-0.9124108340283543
가 다시 한번 그것을한다면,💯,-2.556073689627503
파산도 드래곤볼츠,😍,-0.7420299399897232
진짜 역대급 귀여워요 옴,😍,-2.0765124849276946
내 이마에 대고 말할 수 있는 여자는 한 명뿐이고 우리 엄마도 아니에요,😂,0.3766855234065185
진짜 역대급 귀여워요 옴,😍,-0.2968897405056657
우정을 고치고 신뢰를 회복하는 것이 서로에게 노래를 부르는 것만 큼 쉬웠다면,😍,-0.046635827349876216
