x,y
조금 많이 죄송하긴 해써요,😂
열심히 슨배님덜 따라갈게요,😍
얍 색조합 잘 못하는데 원작하고 비슷하게 갑니다,😂
까까님 생일메세지 정말 감사해요,🥺
까까님도 남은 시간 즐겁게 보내세요,🥰
아 내스급 성현제 책갈피가 아니라 옷핀입니다,😂
정규직 기다려라모두들 감사합니다,❤
우왕 솜사탕차배치가 초컷이래서,😂
우리껀 춘절이후에 받아욥요기는 솜사탕 차폼이용,😁
흐뭇하게 시작해서 중간에 탈탈 거리는 장면에서 빵 터졌다가 마지막에 울컥했어요,😂
떨어진 아기 천사 생일 기념 이벤트,🔥
도영이 커버곡이 들어간 도 함 오늘도 고생했어요 트레저메이커,❤
아 내 망태기 크고 아늑하니깐 편히 쉴겨,❤
기간은 넉넉하게 월 첫째주 금요일까지,❤
아래 공지사항을 꼭 읽으신 후 이벤트에 함께 해주세요,👍
에스에프나인  루아이의 넘치는 애정을 받고 모두의 마음을 이리저리 흔들던 요한이의 깜짝 반전 엔딩,😍
애교쟁이 요하니가 오늘 하루의 힘이 되셨기를 바라며 감기 조심하시고 내일 만나요,❤
위아이 루아이  엔하이픈 희승희승이는 하늘에서 가장 빛나는 별,❤
제가 왕창 살게여,😍
핡 굿즈로 사고싶을정도로 갓벽해여,❤
와 ㅅㅂ 잠시만요,😍
헤헷콩딱 가끔 재업 타래,❤
내가 좋아하는 국민 착장,😍
현근택꼴보기싫어윤석열찍는다 뿌듯하네요,😊
에 양도합니다 양도합니다 디엠주세요,😊
언니 안녕 헤헿 온마음 다해 널,😊
내 우주가 물들어,💕
알아서 다가오세요 먼저 다가갈줄 몰라요,😊
꾹꾹이랑 수다 타임 넘 행복해따,😊
달밤이랑 수다할 날도 기다려 기다려,💜
드려요괄은 꼭 부탁드릴게요,🥺
타니님 소환 보라해요,💜
중복이시면 죄송합니다,🙏
비나이다 비나이다,🙏
피자치킨에 진심인 울 짱플러 우당탕탕 춤추는걸 보는데 저도 모르게 심장이 쿵쿵쿵 나와줄거라고 부시모 믿습ㄴ다,🙏
설마 진짜요알티만이라도 해주세요,🙏
ㅜ모자옷상의 하의 외투지팡이 구성이에요,🙏
이러고 있었는데 끝까지 완주할 수 있도록 마음 눌러주신 샘들 넘 감사합니다,❤
통판공지계 선착순 이벤트 등 소소하게 준비해 온마음 다해 널,😊
쥬지에 초콜릿발라서 달달하게 빨아먹는 상상,💕
참여해 주신 팬분들 감사합니다,💕
유주  에이스준잘 자요 초이스으,🙏
진입장벽 안 높으니 친구해오,💕
흔적 남기시면 제가 찾아갈게욥    굿나잇,💕
너무 귀여워 움쪽쪽 사랑해,😭
오늘은 호랑이로 변신,💜
의 기운받아 위까지,😭
덕분에 매일 행복해요,😭
오늘은 호랑이로 변신,💜
너무 스윗해,😭
편하게 흔적 남겨주시면 찾아갈게요,😘
덕자 너무 필요했는데 딱 당첨되서 너무 얼떨떨하고 감사합니다,😘
시린 가을은 청소년관람가 이기 때문에나쁜놈 업보 후회공을 좋아 하시는 모든분들이 가볍게 읽기 좋답니다알라딘 외 타 플랫폼은 투에즈님 너무 감사해요옹,😘
꾸금을 쓰는 중이었습니다,😘
이기야 그치만 나는 쥐뿔도 양심이 없는 인간이지정구기오빠 보고 심장이 뛴다면 알티해줘여,😘
팔 감사합니다,👍
앷누도 고마워   굿굿,👍
우리고키 등,👍
킹미들과 함께라서 언제나 든든합니다,👍
란린도 전력 분 또한  와 가슴이 죽인다 신음도 죽인다,👍
처음으로 성인 멜로디 트친소,💙
린히메 포스타입 온리전의 성공적인 개최를 위해 팔로우 추첨 한 분께,❤
아마기 린네 스마트폰 아크릴 거치대,💙
너무 기쁘고 고마웠던 그날,💜
오늘도 함께해요,😁
미안하다사랑한다,😁
미국  최근에는 뷔가 만든 신조어이자 우리 귀염둥이 정원아 너무 생일 축하해,😊
정원이랑 찍은 히히,😁
우아아아 오랫만에 버터 회신이 왔어요어제 리퀘 안하던 새로운곳 찾아서 요청했는데 플레이 해준대요 얏호,😁
귀요미들 보고 가세용,😁
일곱이 모두 모였습니다뚠뚠해서 더 귀여워요,🥰
해적 도깨비 깃발 출장십오야열정 해적선 단원들과,🔥
트메 빨리 보고싶어요,🥺
최현석  썸데이 씨어터,🔥
기다려주세요 사랑해요,❤
남은 무대도찌저노차,🔥
아 왕자님하프린수야 하,❤
오늘 밤 시까지 분 원하시는 치킨 드립니다얼굴 개도랏맨 하,❤
육회 마라탕 간장게장,❤
미더덕 생굴 닭발,❤
칠보고 죠스바 선우,💖
,🥺
난 언제나 열려있어 만나서 세븐틴 얘기하자,💖
민서야 이토시나몽,💖
드리핀 드리핀과함께하는멘션파티 올려드린 세 사이즈 모두 링크 드릴께욥예쁘게 사용해주세요,💖
마이 러브 동글동글언니이,😆
꿈꾸는라디오 완료,💕
유주 놀이   꿈꾸는라디오 완료,💕
최예나  엠카운트다운지구미들의아픔 슬픔 외로움을 잊게 해줄,😆
예나등장예나가 우리 곁에 있어서너무너무 든든한 오늘 하루,👍
지구  최예나  엠카운트다운지구미들의아픔 슬픔 외로움을 잊게 해줄,😆
지구 기혀니 젛은점 노래 안빼구 일단 불러줌,😆
일케 겉옷으로 힙하게 입고 나가볼까봐요,😆
석진아 너무 예쁘다,😍
김남준 손 넘 귀여운거있죠,😆
히힛 감사합니다,😆
지금 바로 씻기전에 라이브,😆
를 자랑하는 면미연이와 함께 행복한 목요일 보내요 네버랜드,😆
크흠 요즘 많이 바빠보이구 힘들어보이던데 ㅠ 무슨일이나 고민있음 말햐 아무것도 모르는사람이 말하는 답도 은근 도움될때가 있더라구 사랑해 오프로 만났으면 좋겠다,❤
화이팅  함께인 것을 알기에 든든합니다,🥰
응원하는 승관이는 오늘도 귀엽고 멋있다,🤭
다음주경기화이팅꼭첫승하게해주세요,🙏
버터야 힘내자   함께인 것을 알기에 든든합니다,🥰
투달곰쓰 와잏엇형아 생일 축하하고 왔습니다,✨
마딧는것도 얻어먹고 보람찬 하루,🤤
입니다  자켓 어깨 최예나 천국,🥺
한번이라두 해주세요,💜
카엘오하화  아오이 쌍둥이 생일 컵홀더 협력진 공개,💙
우리 좋은 성적 내 봅시다,🙏
팔로우 이벤트,👉
이번 상품은 세나 아르카나 아크릴 스탠드에요,👉
행복한 하루 마무리 잘 하길 바래요,💜
엄마 제발,🥺
아아 너무 귀하다 우리 밍구,😍
슈퍼스타더보이즈 슈스덥 왔다 라이브테마,😎
흑흑사진 넣는 것도 좋지 강렬하고,😎
잘생겼고 핫트렌딩송이란 세계 여러나라 사람들이 많이 알고 실제로 듣는게 위지,😎
핫트렌딩송이란 세계 여러나라 사람들이 많이 알고 실제로 듣는게 위지,😎
활동도 우리 쭈욱 함께해요  아돌라멋진챌린지,😎
낮 낮 도장 각각 개막공이 얼마 안남았지만 혹시 있으시면 멘션디엠 주세요,🥺
그저 행복하게 웃고만 있으면 돼,🥺
이미 뵤한 느낌이 있어서 차도 잘 나올 것 같아요,🥰
공감   오마카세 반신 커미션,❤
안 오면 후회한다다,💗
나는 로잘린을 사랑해,✨
찬지수야 생일 축하행축축,✌
우리 같이 더 힘내서 멋있는거 많이 만들자화이팅,🥰
티오원  멍냥톢 오무라이스 버즈 에어팟 둘 다 진행해요,✌
오아아아아 ㅏㅏㅏㅏㅏㅏㅏㅏㅏㅏㅏ 최고,😁
본방사수 잠시 후 시 준꽌찬과 함께하는 호캉스,✌
장발피어싱낭창몸한 미인이 른이 아니라면 그것은 범죄입니다 거기다 연상이라니,✌
연상수의 절대조건,✌
디크런치 마마무 문별 누나가 찍어주신,🥺
네 앞에만 서면 별누나 신곡  많관부,✌
크래비티 잉글리쉬라인,✌
장정의 더우인여러분 시간이 됐어요,✌
티오원 노트북이 빠지니 짐이 확 줄어서 너무 편하고 좋다,✨
최강조합 몬스트로,✨
진진 라키 몬스타엑스 기현 의,💜
월 일 저녁 시 분양,✨
아잉 미인고양이,💖
너무 이뻐 유빈이 눈부셔,✨
오세훈 해적 도깨비 깃발 퍼스트룩 표지 화보 공개,✨
해적 아니라 해해적도깨비깃발 퍼스트룩 화보 공개,✨
에 에우리 프롬이들 무대 보느라매일매일 이렇게 벅차올라,🥰
대본리딩 안효섭김세정 비주얼 케미 갓벽,✨
내장님 커미션,✌
지금 바로 씻기전에 라이브,😆
씻기전에 라이브,😆
케플러 쌤들의 방과후 댄스 교실,❤
우주소녀 쪼꼬미 다영 몬스타엑스 기현 영상 도착,❣
어서 확인하세요항상 기다려주셔서 감사합니다,💚
리트윗 누르고 댓글달아줭,❤
나 떨고있나 풀버전,👉
포근하고 따뜻한 푸른 밤 보내길 바라요,💙
퓨즈퓨즈퓨즈퓨즈,🥺
위팀은 공계가 나서서 독려 하더라구요,😂
잘생기고 이쁜 형님 누님들 찾아요,❤
남 여,👍
했어요 넘 반가워요 채소님ㅠㅠㅠ 예전 분들 만나면 왜이리 반갑지요,😂
구매 해주셔서 감사합니다,❤
힘을 얻었고요 을 보면 눈이 부셔,✨
최예나  유리,😘
지훈  모모랜드 제인 선배님과 성공,💯
제인   모모랜드 제인 선배님과 성공,💯
제인  모모랜드 제인 선배님과 성공,💯
모모랜드 제인 선배님과 성공,💯
제인  펙트체크,💯
출장콜걸서산콜걸  모모랜드 제인 선배님과 성공,💯
상품 안내퍼리즈 교환 티켓 명 클레온 홀더대상 명 전체 인원 대상 명 추첨,✌
퍼리즈 교환 티켓 명 클레온 홀더대상 명 전체 인원 대상 명 추첨,✌
의역오역을 포함해요재밌게 봐주세요,💙
리트윗 해주시면 랜덤사진 발송해드립니다,😊
투모로우바이투게더  오늘도 아미들이랑 함께여서 행복,😁
해치지않아스우파 화 예고,❣
괜찮은 거 맞지춤 잘 추는 언니들 알고보니 헐랭이,🤭
리더즈가 행복하면 된거야국가대표 댄서들의 본캐찾기 여행해치지않아스우파 목 밤  새해 첫 프리스타일,🤭
까지캐럿 큐빅의 최애 편과 명장면은 마이크 없이도 들려 굿즈 종 출시 여러분의 책상에 펼쳐질 신세계,🤭
그리고 루나 멤버들의 풋풋한 모습,🤭
일요드라마 너의 밤이 되어줄게  월 일 일 밤 시 분 회 최종회 연속 방송일요드라마 너의밤이되어줄게 정인선 헙,🤭
소눈 표현이 넘 귀여우세요,😆
거기에 따뜻한 커피한잔 꺄아아악,🤭
인스타그램 김우석,❣
최대한 큰 화면으로 본다 좋은 건 크게이 가지는 꼭 잊지 마세요,❣
주접스티커 통판,❣
인스타그램 김우석,❣
팔로우 이벤트,❣
추첨일,💜
홍대입구역 광고시간월일월 일,❣
트친한정  위 축하해,❣
그리고 스페셜클립 도 다시 보자,💙
출장키스방영동여대생,💙
여러분 다들 좋은 꿈꾸고 잘자요,💙
다 잘하는 우리 완디,💙
기념으로완디 셀카 컷들 공개합니다,✨
잠시후 오후 시에 만나요,💜
함미다민서의 메시지를 받고나서 자고싶어요,😭
ㅆㅂ,😑
,😑
아이고,😑
크정국아    아니야,😑
니가 책임져,😑
봄툰 레진 둘다 할인했음 좋겠어요 리디는 바라지도 않음,😑
야 꾸밍아 안 그래두 너한테 카톡 보냈는데,😑
지가 한데요  지금까지 공부했으면서,😑
오함마가 필요하네,😑
어디에서도 볼 수 없는 선배님들 조합을 볼 수 있었던 소중한 시간이었습니다,💙
어제 이것도 올리려고했는데,💜
추첨 분께한입거리 세트 보내드려용,❤
통판 열엇습니당 추첨 분께한입거리 세트 보내드려용,❤
윈드모해 애교만땅,💜
긍정만땅 노래조아,💚
그만큼 크고 알차다는 말,🤤
새우튀김 우동도 느끼하지 않 헤헤,🤤
사람 피말리게함 살짝 감은 눈,🤤
천국은 없다 환타 저천국은없다 안태주 오야붕,🤤
패댁넘 귀여워요 흐아악,🤤
진짜 너 무 기여워,🤤
해적 도깨비 깃발 출장십오야열정 해적선 단원들과,🔥
보러 가기,💗
폼 오픈기간 월 일 월 일 까지,❤
생방송 분 전 이라는 말에 긴장하는스페셜 민지 진희,😭
이런 대박 기회를 놓칠 순 없지,👉
금요일은 리스팅 쉬어가는날토요일 저녁엔 명화 샤냥이 경매가 있으니많은 관심 부탁드립니다,❣
너무 좋겠구요 최고의 칭찬,😭
본방사수 잠시 후 시 준꽌찬과 함께하는 호캉스,✌
잠시 후 시 준꽌찬과 함께하는 호캉스,✌
함께 해주세요,💜
문별  온마음 다해 널,😊
비엑스라고불러주세욤,😘
,😎
거진 달에 걸친 대장정이 끝났습니다우여곡절이 많았지만 만족해요,❣
여자아이들  임영웅 웰메이드 호랑이 기운을받아 새해에도 건행,💙
영광시대 가입완료영,❣
달디와 함께오늘도 시간 함께 꿈꾸라,💚
달디와꿈꿔라 추첨,💗
오픈했습니다월 일까지 폼 제출해주시는 모든 분들께 미니 하트밤 키링 넣어드려요,💗
에 판매합니다   항상 많은 관심과 사 추첨,💗
고양이 인사하는 선우,🥺
ㄴ왜ㄴ 진진라키 목소리가 너무 달콤해서,🤤
스페셜클립  에서 가장 수익성 높은 유틸리티를 가진 가장 인기있는 새로운 토큰을 확인하십시오,🔥
에서 가장 수익성 높은 유틸리티를 가진 가장 인기있는 새로운 토큰을 확인하십시오,🔥
알림 설정에서 다시 보기,👉
음악중심인기가요많관부,❤
투표권 회수 잊지 마시고 계속 힘내주세요,🔥
에서 가장 수익성 높은 유틸리티를 가진 가장 인기있는 새로운 토큰을 확인하십시오,🔥
협력 징짜 너무 많은 축하랑 행복을 주셔서 감사함니다아아,😘
컴백 축하해,❣
드리핀도궁금하다면,💜
윤재 가디언이랑 고개로 쿵치따치,🔥
그러다 마지막에 미소 짓는 거 극락,😭
영원히 끝날 거 같지 않던 트맵 시즌도 끝이 났습니다,🥺
시즌도 그렇고 막방 보면 울컥하네요ㅠㅠ제작진분들 너무 감사드리구 멤버들도 진짜 고생 많았다ㅠㅠ,💜
ㄱ 올영 트친 급구올영 담당자도 친구를 만들기로 마음 먹었읍니다,💚
제가 원더킬포랑 상성이 잘맞는것같습니다하루종일 이영상만 보게되는군요,😎
블루아카이브  웬일로 경제지에서 방문 성과를 정리한 기사가 나왔네요,😂
저스트비 양도합니다반택 준등기 가능싸게 드립니다ㅠ 웬만하면 에눌 맞춰드려요트친가좍들 알티 부탁,💙
주접스티커 통판,❣
헛 좋은 정보 감사합니다,💗
예쁜 애 옆에 예쁜 애의 정석 케플러,💜
예쁜 애 옆에 예쁜 애의 정석 케플러,💜
민서야오늘 는미피면 당연히 뮤트를 안 그릴 수가 없잖아요,😭
나랑 준기래기여워서 자결해버림,🥺
저 이거보고 화가 나서말 목이 확 꺾여서,😭
원투님의 지대쩌는 라임에 또한번 반해벌이는 홀올옥,❤
감사합니다 겉은 착해보여도 속은 무서운 단 어린이들입니다 후후,😘
자석이 오른쪽 엉덩이에 있습니다,😂
지금은 덮개 위에 화분 올려뒀음,😂
년 연말에 코시국땜에 아무데도 못가서 심심한 나머지 신장판 나온거 보고 만화책이나 보자고 전권지름의 결과완독후 바로 입덕서칭일웹탐사국내온리전탐라입성은인을 만나 회지를 얻어읽고사고 또 사모아서 현재에 이르렀다네,😂
내일은 벌써 평일이야,😭
즐거웠길 바래사랑해,🥰
만날 지민이 보고 실실 웃는다,😁
오늘은 좀 더 편안해졌는지 모르겠네 무리하지말고 천천히 회복하자 지민이가 최고,👍
쥬 체고다,🔥
헐 유밍깅 완젼 오랜만,❤
곤님지금 완전 쿠퍼액범벅인데봐주실 누나,❤
라인 나 디엠으로 와주세요,😘
년 월 일 일요일 오후 시 준희 하고 싶은 거 다 해,❤
주학년 라포티셀앳스타일,❤
알티이벤트안녕하세요 월 일은 테스타의 첫째 자랑스러운 천재 아역 배우 출신군 아이돌 가수 배세진의 생일입니다,🐹
드립니다 팔로한정 월요병주치의 돌아왔슴다,😎
벌써 월 둘째주에요 컴백 언제 오나 언제 오나 기다렸는데 돌아오는 주만 지나면 곧 만나네요,🥺
슬임님  내가 너무 사랑하는 그시절의태형이,😍
월요병주치의 돌아왔슴다,😎
데코덴 탑꾸하루티켓 라흐마니노프김경수 티켓꽂이 도안나눔,😍
개인용도로만 사용해주세요,🙏
우리 곧 만날 거 생각하면서 내일부터 트레저도 트메도 모두,💕
,💕
버논이 생일 기념 대박 짱 귀여운 투명 프레임 포카를 나눔합니다,😍
리트윗 추첨 다섯분께 보내드려요,🥺
두발벌려 환영합니다요,😍
비행기에서 보는 낮은 구름에 마음을 빼앗기고밤은 야경에 시선을 빼앗기는 것 같앙,😍
제주도에 있는 나의 엉냐들 제가 또 날아가께여,💜
이 지헌 오늘 재밌었어요 다음에 또 보자,😊
한뮤직 링어벨 기념 알티 이벤트,💚
성 미도리 링어벨 이벤트가 한뮤직에서 시작되었습니다,💚
당첨자 발표는 월 일이벤트 종료 후입니다,😊
특전은 나눔존에 두었으니 편하게 챙겨가세요,😊
지민시히히 다음에 또 만나여,😊
토롯코 보라머리진 방탄소년단 진 석진 직캠 영상을 업로드했습니다,😊
사랑뷔님 잠금화면 태형이도 넘 이뻐요,😊
그림러트친소푸른색으로 가득한 그림을 좋아해요 흔적 남겨주시면 알티위주로 찾아갈게요,🙏
사람 한 명 살려주세요,🙏
개 멜론 주간 인기상 완료,🙏
중독온신돌온 오 부스 인포문의사항은 페잉으로 부탁드립니다,🙏
언제 할까 소리는 못 지르더라도 규봉이라도 흔들게 올해는 제발 꼭 좀 해줘라,🙏
제발   팔로우 이벤트,👉
아르카나 카드 한박스 입니다,👉
많은 참여 해주세요 감사합니다,🙏
수고했다 울 달디,💚
모두모두 고맙습니다,💚
오마이걸  배세진생일가뵤자고세진이의눈부시고도아름다운제막배세진 생일 카페에 협력한 그림이에요생일축하해,🐹
배세진생일가뵤자고세진이의눈부시고도아름다운제막배세진 생일 카페에 협력한 그림이에요생일축하해,🐹
희희 감사합미당,💕
다음에두 엘다님이 맘찍해둘 수 있는 예쁜곳을 만들어보겠어욥 배세진생일가뵤자고세진이의눈부시고도아름다운제막배세진 생일 카페에 협력한 그림이에요생일축하해,🐹
제발 다들 탈앙 탈트 하지 말아주세요,😭
저랑 평생 놀아주세요,💕
이벤트예 앨범이 또 생겼습니다집이 터질 것 같습니다거지꼴이에요 집이,😭
앨범 이것저것 뭐 앨범 구성품 이것저것포카도 넣고 이케이케 해서 드릴 건데택배비 원만 부담해 주쇼 전혀 업데이트를 못하고 있지만나름 완성했던 한복들,😭
뭐가 더 괜찮은 지 모르겠어요,😭
모 아니면 도 정원이 너무조아,😭
마리  찾으면추첨해서 바로드릴게요,😭
사랑스러와  샘 여기서두 갭차이 가끔씩 보여주세요,😘
그런 노푸님이 저도 너무 좋아요,🥰
헐 너무 귀여워요ㅠㅠㅜㅠ감사합니당,😘
한복 물망초 조합해버리기,😘
반박할수없다  나두 사랑해,❤
전정구기 증말 귀여워 미친다,🤭
알아 알아 니 맘 알아,🥰
아미들이 장난 친거야 꾹아,🤭
우리 정구기 열심히 작업하고 노래 연습 춤연습 부단히 하는 거 잘알지,👍
군 마음 풀어사랑하고 사랑해,😘
울 태형이 진짜였네요,👍
그냥 편하게 말하세요,👍
가장 젤젤 멋진 사나이웅,👍
임영웅임영웅유튜브 임영웅사내임영웅단독콘서트임영웅콘서트장인 반크 해냈다한복은 한국 전통의상 콜린스 사전에 등재,👍
반크 해냈다한복은 한국 전통의상 콜린스 사전에 등재,👍
나의 최애곡 이기도 해서 감동이 두 배 였어요,👍
하ㅠㅠ 역시 다정하네요,💙
혹 있으시다면 맘글 찍어주세요,❤
임영웅 가온차트뮤직어워즈,💙
영훈 돌아왔다,😁
알티와 팔로우시 참여가능,😆
발매 후 가게에서도 판매 예정이에요,😁
많은 관심과 참여 부탁드립니다 영훈 돌아왔다,😁
어느 쪽이든 너무 깊게 생각 하는듯,😁
겨울에도 안켜시던 돌침대의 용도,😁
저 잇자나요,🔥
요시   쌈싸라즈 ㅠㅠ 너무 이뻐 흑흑,❤
렌탄    월요병주치의 돌아왔슴다,😎
우리 곧 만날 거 생각하면서 내일부터 트레저도 트메도 모두 월요병주치의 돌아왔슴다,😎
지성이의 생일을 맞아 멘션 추첨 통해 원하시는 포카 선물해드려요,🥰
국내주소 한정입니다,❤
준등기비만 부담해주시 월요병주치의 돌아왔슴다,😎
이리봐도 쟈니 저리봐도 쟈니쟈니에 둘러쌓이니 이리도 행복할수가,💖
우주소녀 쪼꼬미,💖
지누 아프지말구 늘 행복하길,💖
유겸 갓세븐  다가오는 재현이의 살 생일,💖
을 기념하여 알티를 해주시는분들 한 분을 뽑아 샤넬 헤어 미스트를 드립니다재현이를 사랑하는 모든분들 참여가능,🥰
진환이가우리행복이야 평생 진환이팬 평생 진환이편오래오래 응원할게 사랑해,🥰
벌칙영상 모모랜드   배속 댄스,💖
옥타비넬 기숙사장의 정보를 판다면 제법 이득이 들어오지 않을까 싶네요 그거 정말 부러운 것 같아요,🥺
심심한 아리에게,💙
아니용 헤어졌을때 그렇다구용,😆
주말도 포엑이랑 같이 보내서 행벅,😆
많이 아끼고 사랑해,💚
많은 관심과 참여 부탁드립니다 영훈이 격리해제 기념,❤
트위터 인장에 사용할 수 있게 포즈 취해달라고 해서 받았던 영훈 프로필 사진 컷 공유합니다,😆
일간 도 가능하도록 열스밍은 계속된다,😆
비투비 공동 구매를 시작합니다,💙
단 돈  원에 받아보실 수 있습니다,😆
상콤 발랄 귤 이름처럼 상큼함이 느껴졌어요,😆
매끈한 깐달걀 같음부쿠부라서 넘 조와용,💕
와 함께해염풍성한 설날 되시라고 설 축복과 함께 깜짝 이벤트도 준비했어요,😘
문스타 무대 기다리느라 하루에도 번 오르내림,😎
다음 주부터는 수요일 시에 나우에서 만나요,💜
해서 폭풍 칭찬해주고 옴,👍
인원 대 모집 중여성우대중,❤
월요병주치의 돌아왔슴다,😎
간만에 복층 정리 매트리스 바꿨다,😎
우리 곧 만날 거 생각하면서 내일부터 트레저도 트메도 모두 쌤도 아티움에서 만나서 같이 장승하시겠어요,😎
월요병주치의 돌아왔슴다,😎
트친한정 장르한정배송비 부담 가능하신 분만,🥺
해시 함께 심기고막남친 안구정화 심신안정을 찾아줄 빛나는 미모의 찐,🤭
냅다 올리는 트친소 지뢰는 알아서 걸러감,💕
너무 좋아합니다,💚
멜론 엔하이픈 폴라로이드러브 위,😍
좋아하는 노래를 맞춰주셔서저도 넘 기쁘고 좋은 것이랍니다,💖
러뷰어가 많이 축하한다,😭
테스타의 맏형 배세진,🐹
테스타의 맏형 배세진,🐹
한유진 생일 기념으로 이벤트합니다생일 축하해 유진아,❤
평생 행복해야해알티 추첨 한분께 아래 기프티콘 드려요,🥰
덕분에이틀 동안 그 누구보다도 행복했던 골차와 골드니스,🥰
헛ㅠㅠ 감사합니다 혼자님ㅠㅜ 아무도 안해주실줄 알았는데,🥺
저의 사랑쪼압 푸키님이 일당백 해주셔서 백로단은 행복합니다,🥺
많이 좋아하고 사랑해 울 오빠,❤
오늘 내 꿈에서 놀러와주어,❤
세진이문대김우석 도윤 우석모두 성장하는 모습을 보여준 작품이 아니었나 생각함,✌
첫방 본 게 엊그제 같은데 벌써마지막이라니 섭섭하지만과거의 아찬이와 우리 도윤이 모두 행복하길 바라며,🥺
샘  ㅠㅠㅠㅠ교류도 없어서 맘찍해두고 눈치 많이 봤는데ㅠㅠㅠ정말 감사합니다,🤭
두고두고 찾아보겠습니다,✌
멘션은 내일 마저 달게요오다들 좋은꿈 꾸시기를,✌
추첨 주접티커 보내드려요,🐹
세진이문대 브리드 보민이랑 하이파이브 하는 부분 영택이,✌
손 잡아 주신 울님들 모두 감사합니다,💜
오늘 같은 날씨는,✨
우리 명엘의 완벽한 옆선,🥺
년전오늘의김명 팬미팅 오랜만에봐서더옥소중한것같아,✨
가장 빛나는 지금 이 순간우리가 함께한,✨
골든차일드  교보강남점에 전독시존,✨
뒤에가 미친듯이 재밌어요,😭
우리 불가살 막촬 비하인드,💕
불가살 첨부터 끝까지 본방사수 했었는데 늘 다치고 상처 많아 속상도 했네 앞으로 더 성장하고 기대되는 우석이의 앞날을 응원할게,❣
우석이 고생 많았어,❣
서현진님 뮤지컬 공연 보러간 성훈이화질 좀 더 나은거 한장 더있었네,💙
완벽한 블로킹과 세ㄴ터적 모먼트,😎
완벽 그 자체 그리고 빼놓을 수 없는 세ㄴ터 수지킴,👍
토스할 때 너무 좋아,😭
안구정화 심신안정을 찾아줄 빛나는 미모의 찐,😍
원우쓰  앙스타장터 앙스타장터 앙스타 파샤 온 박스 공구 양도 받습니다,🙏
차금  이하로 구하고 싶어요,💕
즉입 가능해요 해당 파샤를 구할 시 추첨으로소소한 기프티콘 드려요,🙏
여러분 메리크리스마스,💚
슬임님  지성이의 생일을 맞아,🐹
국내주 아무도 따라할 수 없는 명품 호흡으로 온통 만개한 김호중의 인생이야기김호중만개만뷰달성우주까지만개하라김호중여일을 스스로 만개했지,💜
역시 레전드 케플리안이라면 가볍게 문제 모두 만점,💯
퀴즈 너무 재밌게 풀었어요,💕
너무 감사합니다 당연히,💖
후불제양천출장안ㅁㅏ,💯
양천미시양천출장마사ㅈㅣ,💯
양천키스방양천출장만남,💯
출장콜걸포항콜걸춘천출장안ㅁㅏ 후불제 출장샵,💯
하디만 아직 안풀렸음 전정국에서 전정구기 됐어,🤭
엘르도한나 자영 살사람,❤
쿨거 서비스 많이줄게여,❤
ㅓ걱 진짜였어 왤케 잘해졌지 천잰가바여,🤭
똑같다   제이콥,🤭
메뉴가 다 내가 좋아하는 거다,🤭
짱이야  제이콥,🤭
꽃꽂이 대신 생선꽂이하고 당당한 카나타,🤭
그리고 푸카하러 가버림,🤭
목 어깨   원찬 들어보세요,❣
녹음의 관 화지금 카카오페이지 에서 만나요,💗
총공일시월 일 일,❣
해시태그 한개가 막혔을 때의 대체문구해피 우리 토미도 간바리마쇼,❣
비둘기는 모르고 통일호는 아라여,❣
주찬이 엔딩멘트,🥺
ㅌㅇㅌㅇㅈ 박일동안 겁나 즐거워따아,❣
모나 운전 해주느라 고생도 많이했움,💕
제일 중요한 라면 앤나 김치는 예절샷 못 찍음ㅠ 다음에 또 놀러오렴,❤
나두 알러뷰 언니도 쫀밤되길,💕
오늘 블록이 햇살님이랑 티풀님 만나따,❣
쌤들 담에 웅 때 만나면 저 후다닥 달려가서 인사 할 거니까 저 품어주새오,🔥
무섭지 않아요 아픈 사람 낫게 해주는 곳인데 모가 무서워요,💚
구하다 지쳐서 열어요,😭
같이 시끄럽게 데식 얘기할 분들 모셔요,🥰
셀카 달라고 했더니 비하인드라고 그래서 고맙다고,😆
푹 잘 잠들기를 굿나잇,😘
태형이 아기였을때 왜 난 아미가 아니었을까,😭
준슥아 니 말이 맞대이레벨 리슨 구독 해지,😑
남은 날 많아 끊길 때 까진 보겠지만,😑
난 그냥 나 사랑하는 여자들만 바라보고 살래,😑
기사 났네 제목 참 잘 뽑았네,😑
지들이 하면 정의로운 신혼여행비 모금이죠,😑
고래연갈색바지연보라,😑
당비로 이런거나 쳐만들고 있으니,😑
남우현 우현 인피니트  죄송해요,😭
매끈매끈 반들반들한 피부,✨
시끌벅적 인더 숲,🥰
배고파  쇼트트랙 홍보 한 번만 해도 될까요,🥺
일정 슬롯이 찰 때마다 해주신 분들 중 한 분을 뽑아 그려드려요,❣
오늘은 에디첼라 꿈 꾸려구요,🤤
컴백 서둘러  살이살살녹네,🤤
드릴께요  우주소녀 쪼꼬미,💖
팔로우 이벤트,👉
생일 축하해지금 바로 공식 홈페이지에서 지성 이의 감사 메시지를 확인 해 보세요,👉
요럴때 보면 또 너무 사람재질 난 태형이가 신이 환생한거 아닐까 싶었거든,👉
넘 갓벽해서   팔로우 이벤트,👉
아이폰 갤  팔로우 이벤트,👉
등살뿌수기 운동도  오늘은,🔥
웅 무궁화 죵죵이는 슬퍼ㅜㅜ 후엥엥,❤
귀여워 ㅠ   네네 친해져요,🥰
드립니다 친해지는거랑 이벤트 여는거 좋아하는 최강잼프인 저랑 트친해요,❤
친해지면 선물도 퍼줍니다,😊
방탄소년단  투댕댕즈야,❤
우빈아안뇽 안뇽귀여워너무 예뻐잘생겼다헤헤,😍
영상 진짜 잘 나왔어너무 예뻐진심이야,👍
사진 고마워 귀여운 종업이,😆
당욘한 졸림지금이 어엄청 행복해졌어,💕
메세지 하나하나가 넘 행복해 보여,😍
성인을 위한 학습만화 꾹나잇요,💜
본 글을 후 계정을 팔로우하시면 추첨을 통해 한분께 앙스타 아르카나 카드 컬렉션 박스 를 드립니다,💕
팔로우 이벤트,👉
팔로우 이벤트  본 글을 후 계정을 팔로우하시면 추첨을 통해 한분께 앙스타 아르카나 카드 컬렉션 박스 를 드립니다,💕
인생에 모자라는 걸 안써본 사람이라서,😂
모두 우리 행복이 생일 축하해주세요,🐹
늘 밤주간의 달꾸라가 끝이 났습니다,🙏
간밤에 누가 덮어주고 간 포근한 이불 같던 달디,😭
원필이의 솔로 데뷔 많은 축하 해주세용원,💚
추첨 한 분께 보내드려요,🐹
추첨 한 분께 보내드려요,🐹
구미출장샵 추첨 한 분께 보내드려요,🐹
추첨 한 분께 보내드려요,🐹
문빈아스트로기생충더블업,💜
사랑해요 유니버스 빈이 폴라 하나만 부탁드려요ㅠㅠㅠㅜ제발요,🥺
오늘의 유진한유진 아이돌 왜 안하냐 이렇게 찰떡인데,😭
신고해도 별 소용도 없나봐신발은 다들 어케 보관 하시지,🤤
수요가 많다면 고려는 해보겠지만 그 정도로 수요가 나올 것 같지는 않네요,😭
헤이세이점프 덕후 밋치의 첫콘 간 이야기,💗
유겸 갓세븐   팔로우 이벤트,👉
유겸 갓세븐  추첨 한 분께 한 세트 드립니당,💖
기다리겟읍니다,💗
석양이 지는 후원에 이런 구도면 브리아나의 얼굴이 잘 보이지 않아서 로저가 오해하기에도 딱 좋겠다요,🤤
생방송으로 진행 마이,💖
리트윗 달성 시 총 명에게 아티스트 폴라로이드를 드립니다,💖
이 트윗을 해주신 한 분에게 공룡 텀블러를 보내드려요,💚
캐럿 한정  디노날 디노시 당발디 하루티켓 라흐마니노프김경수 티켓꽂이 도안나눔,😍
하루티켓 라흐마니노프김경수 티켓꽂이 도안나눔,😍
모 아니면  도 너 아니면,👍
배세진생일가뵤자고세진아,🐹
배세진생일가뵤자고세진아,🐹
배세진생일가뵤자고세진아,🐹
너무 멋져요 최고입니다,👍
와 혜주 모야이렇게 애교쟁이 사랑둥이라니,🥰
남은 인생을 걸고 말할게 두번은 없어 넌 나의 마지마악,🥰
출장유부녀고창유부녀,❤
출장콜걸하동콜걸 년 첫 꽃,💜
올해도 잘 지내보자아 이삐야,❤
그게 나야  마음이 너무 충만해요,💖
이 에피소드에서 내가 가장 좋아하는 노래 중 하나입니다  염소를 데리고 처음으로 몸치장을 했어요,😂
군대 누가 리트윗하는지 따라와요,🔥
리한나는 짙은 입술이 너무 잘 어울려요,💕
무대 위의 명의 왕자들,😍
요 저건 배다스,🔥
당신을 따르는 모든 것을 따라 가십시오,🔥
디오가 너무 불쌍해 보여서 받을 자격이 있어요,💕
너무 아파 그리고 마쉬알라 우리가 도와준 시리아 꼬마들은 너무 착하고 귀여웠어,😭
그리고 마쉬알라 우리가 도와준 시리아 꼬마들은 너무 착하고 귀여웠어,😭
창피한 얼굴이네요,😂
무대 위의 명의 왕자들,😍
루시퍼  공공장소에서 버프 히잡을 보면 또 먹어,😂
제발요 이런 기회를 주셔서 정말 감사해요,💖
내 엉덩짝 마누라,😍
에구 웃는거 너무 귀여워 지금 스트리밍 바이오에서 내 링크를 확인하십시오,🔥
원제 도스트,💚
군대 누가 리트윗하는지 따라와요,🔥
그게 계획이야 사랑,💙
그녀의 물건과 좋아하는 노래,💖
발표자가 그냥 닥치라고 해서요,😭
프롬은 식은 죽 먹기야,😁
아빠 앰프 그의 미니,💗
이런 젠장 그렇게 털썩 주저앉을 줄은 몰랐네,😭
이번에는요 마지막 한 팩을 하고 나서요,😂
솔로 주년    같지만 달라요,🔥
그는 꽤 잘 하고 있었는데 호르몬 괴물이 점령했어  깜둥이가 자제력을 잃었어 망할 포포비치 가족과 함께하는 생각과 기도,🙏
말도 안돼요  법학자 주드 바이가 호메이가드를 받았다 사랑하는 나낭에게 감사한다,😭
미스 페인트 휩 드디어 이걸 끝내고 엽서를 만들게 되어 너무 신나,✨
좋아 됐어 전화기를 북쪽으로 건네줘,😂
젠장  우리 가족은 똥이 아니야,😂
가족과 함께하는 생각과 기도,🙏
어쩐지 옷이 낯이 익더라니,😂
더 많은 삶 더 많은 사랑 언니,💗
정말 고마워요 데이비  저는 아니에요,😭
그랜트  말해봐요 내 친구한테 똥 싸요,💯
못하니까 다시 뺏는거지,😂
이모티콘들이 못을 박았어,💖
예쁘다고 생각되는 이 아름다운 털북숭이 똥꼬가 너무 좋아,❤
나는 예쁘다고 생각되는 이 아름다운 털북숭이 똥꼬가 너무 좋아,❤
세훈 와썹 녀석들 찬열 서프라이즈 모더 퍼커,😂
음 황당해요  고마워요 대런,😊
맹세코 이 거리에서 전쟁이 났을 거야,😂
오늘 오전 시에 처음으로 채팅하기,😁
중쿡은 정말 행복해 보인다 마침내 그는 술을 마실 수 있다,😂
활동 오늘 오전 시에 처음으로 채팅하기,😁
노래 너무 좋다 우우,😍
적은 것에 만족하지 마세요,💖
아름다워요  한번 물어보면 눈물나게 하는 똥이야,😂
가장 재미있는 반응은 손 아래로,😂
벌써 화 기다리고 있어요,😆
좋아요 바닷가,👍
좋아요 바닷가,👍
마침내 주를 만들고 버그 사이언스에 있을 때,😂
트래비스 스콧과 조니 댕과 탁구,😂
엘로베지 당신이 낮은 레스 물건을 싫어할 때,😂
나는 입니다 나는 당신에게 무료 또는 무언가를위한 몇 가지 교훈을 줄 수 있습니다,😂
예수님은 그냥 넘어갈 수 없어요,😂
사랑해 수울 시스타,💕
지금 그를 구하기 위한,❤
가족과 함께하는 생각과 기도,🙏
이제 팀들이 모든 연극을 만들고 있는데 그렇지 않아  곧 시험이라 그런지 너무 편해,😂
얼마나 우상인가,✨
그래도 책 읽는 건 대박이야,😂
옹휘랑 놀고 싶어요 으으으으으으으음  우리는 미워하지 않아,😘
난 평생 이 말을 해왔어 그 혼합물은,🤤
다 왔다  난 평생 이 말을 해왔어 그 혼합물은,🤤
도나는 그렇거든,🙏
리얼토크 일어날거야 가족과 함께하는 생각과 기도,🙏
그게 내가 모든 예술가들과 함께하는 방식이야,😎
제 은 영원히 축복받았어요,😍
진짜 야성적인 바보야,😂
리트윗,👉
사람을 통제하는 게 너무 좋아요  리트윗,👉
그들은 위에 있어 투표 여성들을 위한 메시지 크리드는 너무 과소평가됐어요,😂
제가 원래 못된 머그잔이에요,😭
리트윗 또는 년 불운,😂
제가 원래 못된 머그잔이에요,😭
우리 가족은 똥이 아니야,😂
가 마침내 갚을 때,😂
세상에 저도 합류해요,😍
고등학교 동창회보다 중학교 동창회에 가곤 했어,😂
그래서  내가 방금 개를 위해 산 사자 복장을 제대로 입었다고 해두자,😂
자랑스러운 부모님,😊
내 시체 위로 크리드는 너무 과소평가됐어요,😂
하지만 카일리가 자유로운 엄마가 되기 위해 전쟁에 나가고 싶어요,😂
당신은 매일 당신의 영혼을 확인해야합니다 모든 것이 모든 것인지 확인하십시오,✨
엔딩이 나를 잡아줘,😂
리트윗 또는 년 불운,😂
오늘도 좋은 하루 보내세요,😆
이 사람이요,😂
내 이발사 미쳤나봐,🔥
자위하고 게임하기 지금 플레이,👉
빨리 먹어보고 싶어,💗
하하 고마워요 토리,💗
요청하신대로,💕
만약 당신이 이 되고 싶다면 안녕하세요,😊
약속해요 전 그냥 행복하고 싶어요,😭
깜둥아 음악 좀 틀어 리트윗 또는 년 불운,😂
그냥 사랑을 전파하는거야 월요일에 갔었어   페이스북에서 오래전에 본 사진이에요,😂
사랑하는 사람에게 태그를 달아주세요  내가 어떻게 죽고 싶냐고 물으면 내 대답은 그 망할 허벅지 사이에 짓눌릴 거야,😭
행복하고 행복한 주말 되세요,😂
당신이 사랑하는 사람과 바보가되는 것,😭
흔들어  이마 여친이랑 오빠가 다 한데,💯
하하 하하 하하 하하 하하 하하 하하 하하 하하 하하 하하 하하 하하 하하 하하 하하 하하 하하 하하 하하 하하 하하 하하 하하 하하 하하 하하하 하하하,💙
완벽하게 실행된,💯
사랑해요  는 내가 체육관을 위해 일어 났을 때 에 자신을 싫어하지만 야간 자매는,😘
쿠키 드실래요  내 에 빌어 먹을 공간이있는 것처럼 미리 주문한 전쟁의 신,😂
오늘 밤에는 전설들이 건물 안에 있을 거야,✨
는 내가 체육관을 위해 일어 났을 때 에 자신을 싫어하지만 야간 자매는,😘
방탄소년단 일본 번째 머스터 팬미팅 포스터 포토카드  잭슨 왕,❤
세상에 이해해주시네요,❤
내가 트위터에 올린 적이 없으니까,🔥
적어도 나를 엿 같은,😂
크리드는 너무 과소평가됐어요,😂
라고 말했다 오메가아아앗,😭
나는 누구 짓이야,😂
아주 멋져요 고마워요 사랑스러운,😘
진짜 경찰이랑 싸웠나봐,😂
느낌이 와  음 똥구멍이 너무 좋아요,🤤
다들 결혼하는 수밖에 없어,😂
배가 아이스크림 사줄 때,😍
개월하고 계산하고 있어요,💕
머리도 자르고 이름도 바꿨어,😂
넥트렌준  이안도 쥐고 있어요,💯
너무 귀여워요 사랑해요,💗
월이 너무 기다려져요,😭
그냥 별로 친하지 않은 알림이에요,✨
이건 제게 정말 큰 의미가 될 거예요 고마워요,💖
그 에 있는 누구도 가르칠 수 없었기 때문이죠,😂
이 비디오는 항상 재미있을 것입니다 내 부시 빛이 사라졌습니다,😂
구독 및  월요일에 이런 일이 있었어요,😑
라틴 아메리카 어워드최우수 댄스 커버 토론 중에 옆에 앉아서 이것을 보게 되어 기쁘다,✨
이번 주말에 떨어뜨릴 것 같아,🔥
한번 물어보면 눈물나게 하는 똥이야,😂
크리드는 너무 과소평가됐어요,😂
이 는 모든 걸 웃기게 만들어 이건 중요하지 않아 야 보이가 집에 와요,😭
이 사진들 지금 편집 중이에요,🔥
해리의 콘서트 참석 크리드는 너무 과소평가됐어요,😂
유일하게 중요한,😍
네 맞아요  얼른 보고 싶다,💜
무엇이든 춤출 수 있을 때,🔥
진짜 피자 먹고 싶은데 평생 뚱뚱해지고 싶지 않아요,😭
천국 이 는  재미있는,😂
좋은 아침 남아프리카,😭
당신을 믿어요 이마오 온그랑 지훈이가 클라비스에서 이런 모습을 보니까 기분이 완전 바뀌어서 너무 좋아요,💜
이거 희극이네요,😭
엘리시온 이싱에게 자리를 내줬어,💗
무슨 수업이에요 가입하고 싶어요,💕
인터뷰해야 해요,😂
무대 위의 명의 왕자들,😍
제인들은 이미 철이 든 소년이다,😂
오메갈룰 네르프 트리플 샷티,😂
내 동생에게 평화가 있기를 더 많은 삶과 성공 살아있음 배려의 마음,😊
너는 그들이 방망이를 칠 때 그들의 폼을 본 적이 있어,🤤
고마워요 여러분,💖
얘들아 도와줘 그는 지금 상위 위 안에 들 자격이 있어,N
상상 속에서 나는 무드 컬러 립스틱을 바르고 있고 윗입술은 밝은 자홍색이고 아랫입술은 제트 블랙이다,N
는 방탄소년단의 에 대해 보도하고 있다,N
티어 프리세일즈가 아마존 베스트셀러 위를 차지했다,N
비디오 이래서 내가 페이스북에 답장 안 하는 거야,N
이 흑인 여성들은 의   의 표지를 듣고 있습니다,N
오늘 아침에 깨워주신 하나님께 감사드립니다,N
오늘 아침에 깨워주신 하나님께 감사드립니다,N
망할 젊은이들은 인터넷에서 인기가 있는 것처럼 보인다,N
이것은 시카고 공립학교의 세계적인 웅성거림이다,N
이 깜둥이가 진짜를 얻었으면 좋겠어  첫번째 이름 좋네요,N
나는 남자 친구들이 스크랩을하는 방식을 좋아한다,N
나는 그런 여자 친구를 원한다,N
왜냐하면 때때로 나는 단지 싸우는 분위기에서 를 가지기 때문이다,N
내 피부가 나를 행복하게 해준다고 맹세해요,N
그들의 미소 그들의 눈 그들의 입술 그들의 머리카락 그들의 웃음 그들의 미소 그들의 유머 그들의 이상한 얼굴,N
젠장  맷 코치님 수요일,✨
내 영혼이 필요해,N
그래서 요즘 내가 화난 것 같아,😂
그것의 일부가 되는 것이 너무 자랑스럽고 특별하다고 느껴라,N
그날 밤의 모든 것이 놀라웠다,N
서점 데이트는 항상 싫어,N
게다가 특정 책이 필요해요,N
가장 나쁜 것은 예수가 유대인 설교자였다는 것을 깨닫지 못하는 사람들이다,N
이 취업난 때문에 미치겠어요  고등학교 동창회보다 중학교 동창회에 가곤 했어,😂
미국인들은 동양인을 좋아하지 않아,N
음모론  아이보리안들은 너무 물결치네요  너무 뜨거워요  우리는 전문가들에게 의 관계에 대한 클립을보고 부부의 행동에 무게를달라고 요청했습니다,N
정품 써모스 브랜드 월 지구의 날 프로모션 버스 기사가 이 불쌍한 아이에게 소리를 지르고 있어요,N
내가 솔로 가수가 되기 전에 이 몰랐을 경우를 대비해서 나는 라는 걸그룹에 있었어,N
당신의 트윗은 명의 사람들에게 호평을 받았다,N
이게 니가 하는 짓이라면 바보들 좋은 아침,N
그는 말하고 싶었다,N
의 기념메달특별메달 원 일반메달 원 전면디자인 의 페이스백 디자인,N
이 여자는 그녀의 번째 생일에 가장 달콤한 놀라움을 얻었습니다,N
플롯 트위스트 이 트윗을 개의 응답으로 가져와,N
개의 다른 쇼 독점 너희들이 나를 혐오하는 또 다른 이유는 바보 같은 짓이야,N
걱정마세요 행복하세요,😊
만약 내가 깜둥이에게 결혼해 달라고 부탁한다면,N
이사 농담 홀리데이인 홀리데이인 택시 모두 필로폰 중독에서 벗어난 분자들이야,N
그들의 미소 그들의 눈 그들의 입술 그들의 머리카락 그들의 웃음 그들의 미소 그들의 유머 그들의 이상한 얼굴,N
이 모든 행복 그들은 우리의 이름 우리의,N
전반부  제리,💯
사랑에 빠지는 가장 좋은 신호는 물고기 자리입니다,N
당신이 원하는대로 지출 할 수있는 무료 현금은 어떨까요,N
기프트 카드에 대한 우리의 추첨을 입력하십시오,N
리트윗 크레이지 에일리언 인베이젼 프랭크,N
필요해요  집중 쉽지는 않지만 자유와 내가 원하는 미래를 건설하는 것이 전부입니다,N
우리는 월요일을 하지 않는다 우리는 월요일이다,N
당신이 원하는대로 지출 할 수있는 무료 현금은 어떨까요,N
나만 그런줄 알았는데,😂
사랑해요 세상에,😭
나는 의 팔레트에있는 의 아이섀도 쉐이드 중 하나가 라고 불리는 것을 깨고있다,N
고전이네요  잘 해결되길 바래요,N
진행  마라라고에 있는 우리와 영부인 일본의 신조 를 환영합니다,N
아빠도 에어혼 무서워하시나봐,N
는 아기 의 비디오를 공유합니다,N
대규모 발표 내일 오후 시 오전 시 고마워요 사랑해요 곧 만나요,N
현재의 삶은 어떻게 흘러가고 있는가,N
무대에서 파이를 먹는 전체 이야기는 상징적 인만큼 재미 있습니다,N
좋은 색깔 머리를 말하지 않습니까,N
에 있는 모든 사람들이 카디와 파티를 하는 것을 질투한다,N
분홍색이 예뻐요,N
오 안돼요 방금 대문자를 입력 매개변수로 사용했어요 저도 그 중 하나가 되고 있어요 오늘은 기분이 좀 나아졌어 게임을 시작해서 너희들과 함께 현실을 직시해야 할 것 같아,N
초 안에 행운을 빌어요,N
지금이 바로 그 때야,N
픽시가 지지 비키니를 나눠주고 있어,N
가 지속되는 동안,N
꼭 하나 사도록 해,N
이 비디오에서 오바마가 말하는 것을 믿지 않을 것입니다,N
리트윗 또는 년 불운,😂
그 깜둥이는 소름끼쳐요,😂
년 연속 매우 매우 자랑스럽다,N
패러디 계정은 어떻게 된거에요,😂
가자  다들 그렇게 말하는 걸 봤어,N
제발 도와주세요 배가 필요해요,N
고등학교 동창회보다 중학교 동창회에 가곤 했어,😂
매일  최고의 기분,💖
내가 방금 의 옷장에 추가 한 것을 확인하십시오,N
저녁 식사는 끝났지만 나는 여전히 당신을위한 맛이 있습니다,N
어젯밤에 친구가 보낸 거야,N
내 친구는 완전 바보가 되어 다른 사람들에게 같은 것을 게시하고 있습니다,N
첫 번째 시도 두 번째 앨범에서 영감을 얻음,💕
군대는 리트윗에 신경쓰지 않아요,😂
아기를 너무 갖고 싶어해요,😂
옹은 벌레가 무서울 때 정글에 가는 거야,N
내 사랑하는 아들,N
제 성적도요  오늘 밤 에피소드에서 슬로운의 몰래 피크를 잡아라,N
는 투표을 하기 전에 순 중립성 법안을 죽이기 위해 정류장을 철수하고 있습니다,N
무료 트레일리 포르노,N
왜 머물기를 선택합니까,N
누군가가 방금 전화를 걸어 아직 사랑이 있기 때문에라고 대답했습니다,N
에 감사드립니다 는 유튜브 조회수 억 천 백만 뷰를 돌파했습니다,N
까지 천 백만 더,N
안녕하세요 괜찮으시면 좋겠어요  나는 최악의 편두통이 있고이 운동은 도움이되지 않았다,N
당신이 항상 사람들을 위해 거기에 있다는 것이 우습지만 아무도 당신을 위해 거기에 없습니다 나는 그것에 익숙합니다,N
제 에 넣어주세요 제발  모두에게 충격을 주세요,N
올해의 팀캡틴의 완장프리미어 리그 클린시트,N
그냥 맥주가 다 떨어지지 마 그리고 난 코로나스에 대해 얘기하고 있어,N
테슬라가 요즘 정말 축복하고 있어 난초를 년 내내 살려뒀어,N
며칠 전에 이런 일이 있었어,N
우리 엄마는 내가 졸업 파티에 초대하고 싶은 사람을 묻고 있었다 나는 친구의 작은 엉덩이 그룹이 있다는 것을 깨달았다,N
내가 코첼라에 소스를 가져와야 한다는 건 이미 알고 있잖아,N
리티 댄스  빨리 풀어줘요,N
가서 내 새 노래 우와사를 확인해봐요 지금 여기저기서,N
스트레이트 푸딩 팝스,😂
신뢰 수준  누구 짓이야,N
이런 일이 생기면 어떻게 해야 하는지 알잖아,N
도넛을 만들어  택시 다시는 찾지 않을 긴 장소 목록에 당신을 추가합니다,N
안녕  당신이 당신의 과일을 선호하는 경우 이렇게 포장 된 채소,N
너무 귀여워요  아무 것도 아니지만 우리가 굴러 갈 때 미소를 짓는다,N
는 에서 뛰고 있습니다,N
블랙핀코피셜  나도 그래,N
너무 초현실적이야,N
너희들과 좋은 추억이 너무 많아  당신은 년 동안 차를 가지고 있었소 당신은 그것을 브래드라고 이름지었다,N
당신은 사랑했다브래드,N
그래서 나는 친구가 있다 그녀의 남자는 스냅에 그녀의 사진을 게시 생일 축하 정확히,N
문제가 있습니까 새로운 비디오 가장 인기있는 데이트 사이트 무료 온라인 섹스 데이트,N
선결은 에게 에 포즈를 취한 비서 리김슬기의 사진을 올려달라고 부탁했다,N
다음주가 대학 마지막 한주에요,N
나는 카네다 팔코 아미보를 나눠주고 있어,N
들어가는 방법 그냥,N
첫 번째 사진에서 머리가 보라색인 줄 알았는데 너무 신났어요,😭
카디 가 말했을 때,N
내가 준 것보다 더 많이 줬어,N
너에게 너무 충성해서 나는 나를 배신한다,N
트롤 가장 인기있는 데이트 사이트 무료 온라인 섹스 데이트,N
남자들은 아기를 낳는다,N
자유주의자들은 그렇게 똑똑하지 않다,N
미안해요  트롤,N
지구인에게  누가 내 아기에게 이 를 가르쳤는지 몰라,N
스톰이 너무 귀여워요 웃어요,N
고마워요  만약 카니예가 다음 트윗에서 영감을 주는 트윗에서 완전히 바뀌었다면,N
매력적인 매력을 불러줘,N
이온은 욜이 그를 쓰레기라고 불렀을 때 그의 거짓말을 전혀 보고 싶지 않다,N
사랑해라고 말하는 많은 방법이 있습니다,N
이 알베르탱은 콜린의 말에 동의해요,N
집에 가세요  그 여자가 가져간다고 생각하면 착각하는 거겠죠,😂
에 합류하기 위한 이미 존재한다 매 시간은 만,N
내 지갑이요 메니피스 영주님,😭
나무 두 그루를 심을 거야,N
그래 맞아 나무 두 그루,N
티아나는 자기 냄새를 맡고 있어 언제부터 총을 쏘지,N
딜런 하티건이 목소리로 말했다,N
나는 우울 내 친구들이 활동하지 않을 것으로 예상한다,N
엄마처럼 열렬한 팬이 될 거야,N
우르웰콘 베이비 행복한 목요일 아니야 핸드폰에 저장해둔 것들 다 어슬렁거리고 있어,😂
어휴 더 보고싶다,😭
너무 웃겨서 힘들었어,😭
다른 서명 이동 및 조합입니다,N
우리는 지금 무엇을 가지고 있는가,N
사람들은 재미있는 왈라,😂
라마오 끝 리트윗 또는 년 불운,😂
우리 아이들과 우리 자전거와 함께 오후의 태양을 음미하는 것,👍
좋아요  아무도 언론 인터뷰를 끝내는 것을 좋아하지 않는다,N
제발 당신의 여자를 밖으로 도와주세요 남자,N
제발  이것은 내가 이것을 한 첫 번째입니다,N
그가 원하는 걸 하게 놔둬,N
그냥 스크롤만 하면 돼,N
자제해  피날레에서 를 위해 조각 된 동상,😂
내 페이지가 감시당하고 있다는 걸 알아 그래서 일부러 똥을 올리는 거야,N
나는 한 가지를 위해 세포라에 갔다 결국 을 소비했다,N
그녀가 죽으면 발작을 일으키는 것처럼 보일 때까지 그녀의 똥을 먹어라,N
나는 너희 모두에게 추악한 를 의심의 이익으로 주려고 노력하고 있지만 너희 모두는 너희 자신을 느끼고 있어,N
친구들 너무 슬퍼서 고기를 이길 수 없었던 적 있어,N
는 에서 스 니펫을 공유했습니다,N
그건 엄청난 옥수수였을 거야,N
또 천재 탓이야 엉망이야,N
블레이크 보여요,N
그럼 창살을 뱉어버려요,N
라틴 아메리카,N
아직 여기 있어,N
여전히 가장 현실적인,💚
금요일  대학에 대한 제안을 받게되어 기쁩니다,N
나는 통계를 무시했다,N
놀라운 목표  이 언급되었을 때 그의 미소는 말 그대로 큰 소리로,😭
당신의 트윗은 명의 사람들에게 호평을 받았다,N
여러분은 이렇게 생각해 보셨을 겁니다,N
빌어먹을 난 정말 인간이야,N
나는 정말 존재한다,N
어떤 사람들에게는 이곳이 성역이다,N
여기 있어 내 면봉 키트,N
낯선 사람에게 골수 기증자가 될 거야,N
난 생명을 구할 거야,N
처녀자리 는 매우 비밀스럽고 스콜피오 방식으로 비밀스럽지 않고 절대 알 수 없을 정도로 비밀스럽다,N
이번 주에 세보라 선물 카드를 임의로 떨어뜨리다니,N
이 집은 계약 중이지만 우리는 당신이 찾고있는 것을 찾을 수 있도록 도와 드릴 수 있습니다,N
언니 좀 봐 책이 너무 좋아서 벌써 할인해요,N
주일도 안 됐어요,N
우리는 그 젊은 시나트라를 원한다,N
이것이 번째 에피소드가 아닌 주년 기념일이라고 상상해보십시오,N
여전히 방법이지만 을 희망할 수 있습니다,N
는 게임을하는 동안 심각하게 나를 하지만 여전히 나에게 말을,N
굿나잇 타이가 영원히 그리고 언제나  무료 리프트 라이드 프로모션 코드 사용 리트윗,N
무임승차 확산 진정 개리가 불알을 흔들고 있어요,N
첫번째 점프 이 광고는 뭔가 다른 것입니다,N
너무 좋아보여요  곧 따라잡을 거예요,N
세트 오늘밤 제 초승달 의식을 준비하면서요 그래 그게 내 일이야 여기 있는 사람들은 다 예뻐요,💗
좌파 총잡이 패트리엇 푸시백 파 셰리프 펜실,N
아내 생일 축하해요,💗
프루토  진짜 잘한다,😊
팬딥 무드보드  물론이죠 내 목숨을 구했어요,💚
석진과 정국이 그 가성을 죽이는 것은 그들의 목소리가 너무 놀랍다 안녕하세요 집까지 잘 갔길 바래요,N
폴의 형은 폴처럼 멀쩡하다,N
그때는 셔츠를 아예 입지 않고 후드티만 입는 거야,N
의 힘에 우리는 날아가 버렸습니다,N
방금 를 쳤습니다,N
우리의 번째 직선 국회 의사당 지역 승리를 확보하기 위해,N
오전 에보니는 공공장소에서 그녀의 똥을 가지고 논다,N
정확해요  만약 당신이 사무실에 출마해야 한다고 생각한다면  나는 지금 더 강해지는 법을 배우고 있어,N
그는 때때로 골칫거리가 될 수 있지만 나는 진심으로 그와 그들의 가족을 위해 기도한다,N
내가 빅 침대에 차를 세울 때마다 나는 낮잠을 자고 오늘 나는 그의 개와 함께 잠들었다,N
나는 구부리지 않는다 나는 정말로 팝핀이다,N
세상이 끝나지 않아서 다행이다,N
우와  무엇으로부터의 독립,N
그들에게 땅을 준 영국 제국,N
달릴 필요 없어 그냥 걸어가자,N
끝까지 여러분과 함께 할 것을 약속합니다,N
놀라운 세계,N
나는 오늘의 가장 좋은 부분,N
내 피에 당신의 노래가 곧 연주 될 것입니다,N
솔리드와 줄무늬가 왔다,N
이 모든 증오심은 오바마가 마약 중독자처럼 사납게 뛰게하는 부패한 민주당 원들을 채웠다,N
작년에 찍은 스크린샷인데 이걸 기억하는지 모르겠네요,💚
미션 이 비디오에서 오바마가 말하는 것을 믿지 않을 것입니다,N
제임스 코미에게 명의 국회의원이 자신을 고발했다고 알려라,N
훌륭한 로라 오늘의 가장 좋은 부분,N
저격수들이 총을 쏜다,N
자기  미국인의 가 당신의 우화의 문자 그대로의 단어를 믿습니다,N
이브 바벨탑   점점 더 사랑해요,N
직업이 있나요 더 일하고 돈을 모으세요,N
내 아기가 다음에 너희들과 함께 사진을 찍기를 기다릴 수 없어,💗
제발 도와주세요 로버트 모리스 대학에서 나의 두 번째 부문 제안을 받았다,N
내 아기가 다음에 너희들과 함께 사진을 찍기를 기다릴 수 없어,💗
내가 아는 가장 강한 여성 중 한 명에게 가장 행복한 생일 문자 그대로 비 유적으로 은 당신을 사랑합니다,N
세훈이 촬영 때문에 바빠요 비비랑 아직도 같이 있으면 좋겠어요,😘
당신의 트윗은 명의 사람들에게 호감을 받았다,N
욕하지 않을게 이 트랙은 아무것도 아니지만 잊을 수없는입니다,N
사랑해요   플레이리스트,N
에서의 나의 주간 개의 멘션 개의 좋아요 개의 리트윗,N
리트윗 도달 개의 회신,N
의 놀라운 절약에 소리쳐라,N
한번 봐봐 한 가지 확실한 것은 두 가지입니다,N
가 다시 한번 그것을한다면,💯
좋은 아침 스타 드리머 여러분,N
은 가 출시하고 있습니다,N
는 가 출시하고 있습니다,N
나는 화장실에 갈 때 싫어 개의 포장 마차가 있고 누군가가 내 바로 옆에있는 것을 선택합니다,N
나의 천사가 마침내 태어났다,N
내가 너를 사랑하는 것을 묘사하는 말은 없다,N
안녕하세요 여러분 제가 첫 곡을 만들었어요,N
파산도 드래곤볼츠,😍
은 내가 에 얼마나 흥분했는지 이해하지 못할 것이다 는 쓰레기다,N
엑소 멤버 한 명만 만날 수 있는 기회가 있다면,N
누구를 더 만나고 싶으세요,N
파산도 드래곤볼츠,😍
군대는 타임 스퀘어에서이 아름다운 추가를보십시오,N
진짜 역대급 귀여워요 옴,😍
내 이마에 대고 말할 수 있는 여자는 한 명뿐이고 우리 엄마도 아니에요,😂
진짜 역대급 귀여워요 옴,😍
평화와 사랑을 그대에게,❤
의 켄이 디어라를 두고 바람을 피웠어,N
잠깐만요 는 이 이모티콘이에요 이온은 욜이 그를 쓰레기라고 불렀을 때 그의 거짓말을 전혀 보고 싶지 않다,N
은 내가 에 얼마나 흥분했는지 이해하지 못할 것이다 는 쓰레기다,N
좋은 밤의 일  군대는 타임 스퀘어에서이 아름다운 추가를보십시오,N
좋은 밤의 일  이온은 욜이 그를 쓰레기라고 불렀을 때 그의 거짓말을 전혀 보고 싶지 않다,N
둘 다 정확합니다,N
진짜  모두가 말하는 것을들을 수 있습니까,N
때때로 나는 내가 어떻게 이런 박자를 생각해냈는지 궁금하다,N
신은 칭찬을 받을 자격이 있다,N
이 귀염둥이를보십시오 많은 기다리고있는 영화를 위해 함께 돌아올 것입니다,N
나는 이 노래를 정말 좋아한다,N
우정을 고치고 신뢰를 회복하는 것이 서로에게 노래를 부르는 것만 큼 쉬웠다면,😍
이 땅에서 년을 살았다,N
엿 먹어라 나는 나의 델타를 보려고 한다,N
너무 잘 알고 있어요,😂
나는 백금 금발 머리를 원하지만 나는 건강한 머리카락을 너무 좋아한다,N
새 스냅챗 업데이트,N
이거 떨어뜨릴까,N
가 또 그러네,N
주님은 이 소식으로 저에게 축복을 주셨습니다,N
